Order ID,Order Date,Customer ID,CUSTOMER.1,CUSTOMER.2,CUSTOMER.3,Segment,Country/Region,Location,Postal Code,Region,Product ID,Category,Sub-Category,Merged,PRODUCT,Sales,Quantity,Discount,Profit,PROFIT MARGIN%,Profit Status,Year,Month,Quarter,Index,Discount Category,Delivery days,sales category
CA-2016-162775,13-01-2016,CS-12250,Chris,Selesnick,,Corporate,United States,"Bossier City,Louisiana",71111,South,TEC-AC-10003174,Technology,Accessories,Chris Selesnick,Plantronics S12 Corded Telephone Headset System,646.74,6,0,258.696,40,HIGH PROFIT,2016,1,1,1001,No discount,2,high
US-2016-147627,20-01-2016,HL-15040,Hunter,Lopez,,Consumer,United States,"Jonesboro,Arkansas",72401,South,TEC-PH-10001061,Technology,Phones,Hunter Lopez,Apple iPhone 5C,699.93,7,0,181.9818,26,HIGH PROFIT,2016,1,1,1002,No discount,6,high
CA-2016-140795,01-02-2016,BD-11500,Bradley,Drucker,,Consumer,United States,"Green Bay,Wisconsin",54302,Central,TEC-AC-10001432,Technology,Accessories,Bradley Drucker,Enermax Aurora Lite Keyboard,468.9,6,0,206.316,44,HIGH PROFIT,2016,2,1,1003,No discount,2,medium
CA-2016-152618,14-03-2016,RB-19465,Rick,Bensley,,Home Office,United States,"Chicago,Illinois",60653,Central,TEC-MA-10003626,Technology,Machines,Rick Bensley,Hewlett-Packard Deskjet 6540 Color Inkjet Printer,574.91,2,0.3,156.047,27.14285714,HIGH PROFIT,2016,3,1,1004,low discount,3,high
CA-2016-114510,14-03-2016,JF-15295,Jason,Fortune-,,Consumer,United States,"Logan,Utah",84321,West,TEC-AC-10004877,Technology,Accessories,Jason Fortune-,Imation 30456 USB Flash Drive 8GB,82.8,12,0,6.624,8,MEDIUM PROFIT,2016,3,1,1005,No discount,5,low
CA-2016-145317,18-03-2016,SM-20320,Sean,Miller,,Home Office,United States,"Jacksonville,Florida",32216,South,TEC-MA-10002412,Technology,Machines,Sean Miller,Cisco TelePresence System EX90 Videoconferencing Unit,22638.48,6,0.5,-1811.0784,-8,LOSS,2016,3,1,1006,low discount,5,high
US-2016-131275,18-03-2016,SC-20050,Sample,Company,A,Home Office,United States,"Burbank,California",91505,West,TEC-MA-10001148,Technology,Machines,Sample Company A,Swingline SM12-08 MicroCut Jam Free Shredder,1279.968,4,0.2,415.9896,32.5,HIGH PROFIT,2016,3,1,1007,low discount,6,high
CA-2016-163223,21-03-2016,KH-16690,Kristen,Hastings,,Corporate,United States,"Springfield,Virginia",22153,South,TEC-PH-10000730,Technology,Phones,Kristen Hastings,Samsung Galaxy S4 Active,3499.93,7,0,909.9818,26,HIGH PROFIT,2016,3,1,1008,No discount,4,high
CA-2016-120838,23-03-2016,PO-18865,Patrick,O'Donnell,,Consumer,United States,"Los Angeles,California",90036,West,TEC-PH-10003484,Technology,Phones,Patrick O'Donnell,Ooma Telo VoIP Home Phone System,604.752,6,0.2,37.797,6.25,MEDIUM PROFIT,2016,3,1,1009,low discount,3,high
CA-2016-128237,25-03-2016,CA-12265,Christina,Anderson,,Consumer,United States,"San Francisco,California",94110,West,TEC-AC-10002558,Technology,Accessories,Christina Anderson,Imation Swivel Flash Drive USB flash drive - 8 GB,45.48,4,0,15.918,35,MEDIUM PROFIT,2016,3,1,1010,No discount,5,low
CA-2016-162089,30-03-2016,MP-17470,Mark,Packer,,Home Office,United States,"Brownsville,Texas",78521,Central,TEC-PH-10001819,Technology,Phones,Mark Packer,Innergie mMini Combo Duo USB Travel Charging Kit,251.944,7,0.2,88.1804,35,MEDIUM PROFIT,2016,3,1,1011,low discount,2,medium
CA-2016-164315,02-04-2016,RD-19585,Rob,Dowd,,Consumer,United States,"Athens,Georgia",30605,South,TEC-PH-10001128,Technology,Phones,Rob Dowd,Motorola Droid Maxx,1049.93,7,0,293.9804,28,HIGH PROFIT,2016,4,2,1012,No discount,6,high
CA-2016-128846,07-04-2016,RS-19765,Roland,Schwarz,,Corporate,United States,"Columbia,South Carolina",29203,South,TEC-PH-10003273,Technology,Phones,Roland Schwarz,AT&T TR1909W,629.95,5,0,163.787,26,HIGH PROFIT,2016,4,2,1013,No discount,5,high
CA-2016-138940,11-04-2016,GM-14455,Gary,Mitchum,,Home Office,United States,"Austin,Texas",78745,Central,TEC-PH-10001835,Technology,Phones,Gary Mitchum,Jawbone JAMBOX Wireless Bluetooth Speaker,758.352,6,0.2,265.4232,35,HIGH PROFIT,2016,4,2,1014,low discount,5,high
CA-2016-110555,11-04-2016,MM-18055,Michelle,Moray,,Consumer,United States,"Great Falls,Montana",59405,West,TEC-AC-10003399,Technology,Accessories,Michelle Moray,Memorex Mini Travel Drive 64 GB USB 2.0 Flash Drive,217.44,6,0,91.3248,42,MEDIUM PROFIT,2016,4,2,1015,No discount,7,medium
CA-2016-154599,12-04-2016,KN-16450,Kean,Nguyen,,Corporate,United States,"Redondo Beach,California",90278,West,TEC-PH-10001557,Technology,Phones,Kean Nguyen,Pyle PMP37LED,1075.088,14,0.2,94.0702,8.75,MEDIUM PROFIT,2016,4,2,1016,low discount,5,high
CA-2016-122336,13-04-2016,JD-15895,Jonathan,Doherty,,Corporate,United States,"Philadelphia,Pennsylvania",19140,East,TEC-PH-10000702,Technology,Phones,Jonathan Doherty,"Square Credit Card Reader, 4 1/2"" x 4 1/2"" x 1"", White",71.928,12,0.4,8.3916,11.66666667,MEDIUM PROFIT,2016,4,2,1017,low discount,4,low
CA-2016-110100,25-04-2016,LC-16885,Lena,Creighton,,Consumer,United States,"Wilmington,North Carolina",28403,South,TEC-PH-10004531,Technology,Phones,Lena Creighton,AT&T CL2909,302.376,3,0.2,37.797,12.5,MEDIUM PROFIT,2016,4,2,1018,low discount,4,medium
US-2016-165659,01-06-2016,LT-17110,Liz,Thompson,,Consumer,United States,"Little Rock,Arkansas",72209,South,TEC-PH-10002563,Technology,Phones,Liz Thompson,Adtran 1202752G1,881.93,7,0,229.3018,26,HIGH PROFIT,2016,6,2,1019,No discount,5,high
CA-2016-115812,09-06-2016,BH-11710,Brosina,Hoffman,,Consumer,United States,"Los Angeles,California",90032,West,TEC-PH-10002033,Technology,Phones,Brosina Hoffman,Konftel 250 Conference phone - Charcoal black,911.424,4,0.2,68.3568,7.5,MEDIUM PROFIT,2016,6,2,1020,low discount,5,high
CA-2016-128146,21-06-2016,DB-13060,Dave,Brooks,,Consumer,United States,"Lakewood,New Jersey",8701,East,TEC-PH-10004539,Technology,Phones,Dave Brooks,Wireless Extenders zBoost YX545 SOHO Signal Booster,1322.93,7,0,357.1911,27,HIGH PROFIT,2016,6,2,1021,No discount,4,high
CA-2016-142048,22-06-2016,JE-15745,Joel,Eaton,,Consumer,United States,"Louisville,Colorado",80027,West,TEC-AC-10004114,Technology,Accessories,Joel Eaton,KeyTronic 6101 Series - Keyboard - Black,196.752,6,0.2,56.5662,28.75,MEDIUM PROFIT,2016,6,2,1022,low discount,3,medium
CA-2016-110184,12-07-2016,BF-11170,Ben,Ferrer,,Home Office,United States,"Los Angeles,California",90036,West,TEC-PH-10000439,Technology,Phones,Ben Ferrer,GE DSL Phone Line Filter,255.936,8,0.2,28.7928,11.25,MEDIUM PROFIT,2016,7,3,1023,low discount,4,medium
US-2016-119137,23-07-2016,AG-10900,Arthur,Gainer,,Consumer,United States,"Tucson,Arizona",85705,West,TEC-AC-10003911,Technology,Accessories,Arthur Gainer,NETGEAR AC1750 Dual Band Gigabit Smart WiFi Router,1023.936,8,0.2,179.1888,17.5,HIGH PROFIT,2016,7,3,1024,low discount,4,high
CA-2016-126760,26-07-2016,KM-16720,Kunst,Miller,,Consumer,United States,"North Las Vegas,Nevada",89031,West,TEC-AC-10004814,Technology,Accessories,Kunst Miller,Logitech Illuminated Ultrathin Keyboard with Backlighting,170.97,3,0,70.0977,41,MEDIUM PROFIT,2016,7,3,1025,No discount,7,medium
CA-2016-159121,26-07-2016,JO-15145,Jack,O'Briant,,Corporate,United States,"Draper,Utah",84020,West,TEC-AC-10002006,Technology,Accessories,Jack O'Briant,Memorex Micro Travel Drive 16 GB,111.93,7,0,34.6983,31,MEDIUM PROFIT,2016,7,3,1026,No discount,6,medium
CA-2016-134215,04-08-2016,ML-17395,Marina,Lichtenstein,,Corporate,United States,"Bangor,Maine",4401,East,TEC-AC-10002473,Technology,Accessories,Marina Lichtenstein,Maxell 4.7GB DVD-R,255.42,9,0,104.7222,41,HIGH PROFIT,2016,8,3,1027,No discount,4,medium
CA-2016-167850,09-08-2016,AG-10525,Andy,Gerbode,,Corporate,United States,"Saint Petersburg,Florida",33710,South,TEC-PH-10002398,Technology,Phones,Andy Gerbode,AT&T 1070 Corded Phone,178.384,2,0.2,22.298,12.5,MEDIUM PROFIT,2016,8,3,1028,low discount,7,medium
CA-2016-153927,12-08-2016,LL-16840,Lauren,Leatherbury,,Consumer,United States,"Woodstock,Georgia",30188,South,TEC-AC-10000023,Technology,Accessories,Lauren Leatherbury,"Maxell 74 Minute CD-R Spindle, 50/Pack",272.61,13,0,98.1396,36,MEDIUM PROFIT,2016,8,3,1029,No discount,1,medium
CA-2016-124737,23-08-2016,AP-10915,Arthur,Prichep,,Consumer,United States,"Denver,Colorado",80219,West,TEC-PH-10000149,Technology,Phones,Arthur Prichep,Cisco SPA525G2 IP Phone - Wireless,143.64,9,0.2,10.773,7.5,MEDIUM PROFIT,2016,8,3,1030,low discount,4,medium
CA-2016-123260,26-08-2016,FM-14290,Frank,Merwin,,Home Office,United States,"Los Angeles,California",90032,West,TEC-AC-10002323,Technology,Accessories,Frank Merwin,SanDisk Ultra 32 GB MicroSDHC Class 10 Memory Card,176.8,8,0,22.984,13,MEDIUM PROFIT,2016,8,3,1031,No discount,4,medium
CA-2016-124688,27-08-2016,CC-12610,Corey,Catlett,,Corporate,United States,"Springfield,Virginia",22153,South,TEC-PH-10000455,Technology,Phones,Corey Catlett,GE 30522EE2,579.95,5,0,168.1855,29,HIGH PROFIT,2016,8,3,1032,No discount,2,high
CA-2016-143336,27-08-2016,ZD-21925,Zuschuss,Donatelli,,Consumer,United States,"San Francisco,California",94109,West,TEC-PH-10001949,Technology,Phones,Zuschuss Donatelli,Cisco SPA 501G IP Phone,213.48,3,0.2,16.011,7.5,MEDIUM PROFIT,2016,8,3,1033,low discount,5,medium
CA-2016-143385,31-08-2016,SJ-20500,Shirley,Jackson,,Consumer,United States,"Santa Fe,New Mexico",87505,West,TEC-AC-10001635,Technology,Accessories,Shirley Jackson,KeyTronic KT400U2 - Keyboard - Black,92.52,9,0,18.504,20,MEDIUM PROFIT,2016,8,3,1034,No discount,5,low
CA-2016-158281,02-09-2016,AG-10525,Andy,Gerbode,,Corporate,United States,"Houston,Texas",77095,Central,TEC-MA-10002210,Technology,Machines,Andy Gerbode,Epson TM-T88V Direct Thermal Printer - Monochrome - Desktop,559.71,3,0.4,-121.2705,-21.66666667,LOSS,2016,9,3,1035,low discount,5,high
CA-2016-106971,02-09-2016,BM-11785,Bryan,Mills,,Consumer,United States,"Buffalo Grove,Illinois",60089,Central,TEC-AC-10000844,Technology,Accessories,Bryan Mills,Logitech Gaming G510s - Keyboard,475.944,7,0.2,95.1888,20,MEDIUM PROFIT,2016,9,3,1036,low discount,6,medium
CA-2016-100006,07-09-2016,DK-13375,Dennis,Kane,,Consumer,United States,"New York City,New York",10024,East,TEC-PH-10002075,Technology,Phones,Dennis Kane,AT&T EL51110 DECT,377.97,3,0,109.6113,29,HIGH PROFIT,2016,9,3,1037,No discount,6,medium
CA-2016-139892,08-09-2016,BM-11140,Becky,Martin,,Consumer,United States,"San Antonio,Texas",78207,Central,TEC-MA-10000822,Technology,Machines,Becky Martin,Lexmark MX611dhe Monochrome Laser Printer,8159.952,8,0.4,-1359.992,-16.66666667,LOSS,2016,9,3,1038,low discount,4,high
CA-2016-128839,08-09-2016,TT-21070,Ted,Trevino,,Consumer,United States,"Chesapeake,Virginia",23320,South,TEC-MA-10000029,Technology,Machines,Ted Trevino,"Epson WorkForce WF-2530 All-in-One Printer, Copier Scanner",209.97,3,0,90.2871,43,MEDIUM PROFIT,2016,9,3,1039,No discount,5,medium
US-2016-115196,09-09-2016,DL-12925,Daniel,Lacy,,Consumer,United States,"Greenville,North Carolina",27834,South,TEC-MA-10002073,Technology,Machines,Daniel Lacy,"3D Systems Cube Printer, 2nd Generation, White",1299.99,2,0.5,-571.9956,-44,LOSS,2016,9,3,1040,low discount,4,high
CA-2016-102869,09-09-2016,LC-17140,Logan,Currie,,Consumer,United States,"Philadelphia,Pennsylvania",19140,East,TEC-AC-10002134,Technology,Accessories,Logan Currie,Rosewill 107 Normal Keys USB Wired Standard Keyboard,64.704,6,0.2,-4.8528,-7.5,LOSS,2016,9,3,1041,low discount,5,low
US-2016-119081,12-09-2016,TA-21385,Tom,Ashbrook,,Home Office,United States,"Olathe,Kansas",66062,Central,TEC-AC-10001542,Technology,Accessories,Tom Ashbrook,SanDisk Cruzer 16 GB USB Flash Drive,57.4,5,0,10.906,19,MEDIUM PROFIT,2016,9,3,1042,No discount,7,low
CA-2016-132962,13-09-2016,JM-15535,Jessica,Myrick,,Consumer,United States,"Philadelphia,Pennsylvania",19143,East,TEC-AC-10004353,Technology,Accessories,Jessica Myrick,Hypercom P1300 Pinpad,252,5,0.2,53.55,21.25,MEDIUM PROFIT,2016,9,3,1043,low discount,3,medium
CA-2016-131947,17-09-2016,JA-15970,Joseph,Airdo,,Consumer,United States,"Springfield,Oregon",97477,West,TEC-AC-10004633,Technology,Accessories,Joseph Airdo,"Verbatim 25 GB 6x Blu-ray Single Layer Recordable Disc, 3/Pack",55.92,10,0.2,16.776,30,MEDIUM PROFIT,2016,9,3,1044,low discount,5,low
CA-2016-125997,20-09-2016,MW-18220,Mitch,Webber,,Consumer,United States,"New York City,New York",10011,East,TEC-PH-10003072,Technology,Phones,Mitch Webber,Panasonic KX-TG9541B DECT 6.0 Digital 2-Line Expandable Cordless Phone With Digital Answering System,1349.91,9,0,661.4559,49,HIGH PROFIT,2016,9,3,1045,No discount,3,high
US-2016-135972,21-09-2016,JG-15115,Jack,Garza,,Consumer,United States,"Des Moines,Washington",98198,West,TEC-CO-10002313,Technology,Copiers,Jack Garza,Canon PC1080F Personal Copier,1799.97,3,0,701.9883,39,HIGH PROFIT,2016,9,3,1046,No discount,2,high
CA-2016-115049,26-09-2016,MM-17920,Michael,Moore,,Consumer,United States,"Chicago,Illinois",60623,Central,TEC-AC-10004859,Technology,Accessories,Michael Moore,"Maxell Pro 80 Minute CD-R, 10/Pack",153.824,11,0.2,38.456,25,MEDIUM PROFIT,2016,9,3,1047,low discount,5,medium
CA-2016-146969,29-09-2016,AP-10915,Arthur,Prichep,,Consumer,United States,"Los Angeles,California",90045,West,TEC-MA-10004241,Technology,Machines,Arthur Prichep,Star Micronics TSP800 TSP847IIU Receipt Printer,686.32,2,0.2,223.054,32.5,HIGH PROFIT,2016,9,3,1048,low discount,4,high
CA-2016-103492,10-10-2016,CM-12715,Craig,Molinari,,Corporate,United States,"Huntsville,Texas",77340,Central,TEC-PH-10004667,Technology,Phones,Craig Molinari,Cisco 8x8 Inc. 6753i IP Business Phone System,755.944,7,0.2,66.1451,8.75,MEDIUM PROFIT,2016,10,4,1049,low discount,5,high
US-2016-105137,10-10-2016,RB-19435,Richard,Bierner,,Consumer,United States,"Columbus,Ohio",43229,East,TEC-MA-10002694,Technology,Machines,Richard Bierner,Hewlett-Packard Deskjet F4180 All-in-One Color Ink-jet - Printer / copier / scanner,101.994,2,0.7,-71.3958,-70,LOSS,2016,10,4,1050,low discount,0,medium
CA-2016-116834,11-10-2016,Dp-13240,Dean,percer,,Home Office,United States,"Seattle,Washington",98115,West,TEC-AC-10002942,Technology,Accessories,Dean percer,WD My Passport Ultra 1TB Portable External Hard Drive,345,5,0,58.65,17,MEDIUM PROFIT,2016,10,4,1051,No discount,5,medium
CA-2016-163748,14-10-2016,HG-15025,Hunter,Glantz,,Consumer,United States,"Fort Worth,Texas",76106,Central,TEC-CO-10002095,Technology,Copiers,Hunter Glantz,Hewlett Packard 610 Color Digital Copier / Printer,1999.96,5,0.2,624.9875,31.25,HIGH PROFIT,2016,10,4,1052,low discount,4,high
CA-2016-110408,18-10-2016,AS-10225,Alan,Schoenberger,,Corporate,United States,"Montgomery,Alabama",36116,South,TEC-PH-10002352,Technology,Phones,Alan Schoenberger,Avaya IP Phone 1140E VoIP phone,1394.95,5,0,362.687,26,HIGH PROFIT,2016,10,4,1053,No discount,2,high
CA-2016-100867,19-10-2016,EH-14125,Eugene,Hildebrand,,Home Office,United States,"Lakewood,California",90712,West,TEC-PH-10004922,Technology,Phones,Eugene Hildebrand,RCA Visys Integrated PBX 8-Line Router,321.552,6,0.2,20.097,6.25,MEDIUM PROFIT,2016,10,4,1054,low discount,5,medium
CA-2016-154627,29-10-2016,SA-20830,Sue,Ann,Reed,Consumer,United States,"Chicago,Illinois",60610,Central,TEC-PH-10001363,Technology,Phones,Sue Ann Reed,Apple iPhone 5S,2735.952,6,0.2,341.994,12.5,HIGH PROFIT,2016,10,4,1055,low discount,2,high
US-2016-167262,31-10-2016,AC-10450,Amy,Cox,,Consumer,United States,"Avondale,Arizona",85323,West,TEC-PH-10000486,Technology,Phones,Amy Cox,Plantronics HL10 Handset Lifter,742.336,8,0.2,83.5128,11.25,MEDIUM PROFIT,2016,10,4,1056,low discount,3,high
CA-2016-106439,31-10-2016,GG-14650,Greg,Guthrie,,Corporate,United States,"Los Angeles,California",90049,West,TEC-AC-10004568,Technology,Accessories,Greg Guthrie,Maxell LTO Ultrium - 800 GB,251.91,9,0,47.8629,19,MEDIUM PROFIT,2016,10,4,1057,No discount,4,medium
CA-2016-102673,01-11-2016,KH-16630,Ken,Heidel,,Corporate,United States,"Charlotte,North Carolina",28205,South,TEC-PH-10004434,Technology,Phones,Ken Heidel,Cisco IP Phone 7961G VoIP phone - Dark gray,978.84,9,0.2,110.1195,11.25,HIGH PROFIT,2016,11,4,1058,low discount,4,high
CA-2016-129147,02-11-2016,LC-17050,Liz,Carlisle,,Consumer,United States,"Medina,Ohio",44256,East,TEC-PH-10001299,Technology,Phones,Liz Carlisle,Polycom CX300 Desktop Phone USB VoIP phone,539.964,6,0.4,-107.9928,-20,LOSS,2016,11,4,1059,low discount,4,high
CA-2016-125829,04-11-2016,WB-21850,William,Brown,,Consumer,United States,"Los Angeles,California",90045,West,TEC-MA-10003246,Technology,Machines,William Brown,Hewlett-Packard Deskjet D4360 Printer,447.968,4,0.2,139.99,31.25,HIGH PROFIT,2016,11,4,1060,low discount,7,medium
CA-2016-140732,11-11-2016,MA-17560,Matt,Abelman,,Home Office,United States,"Los Angeles,California",90004,West,TEC-PH-10001425,Technology,Phones,Matt Abelman,Mophie Juice Pack Helium for iPhone,575.928,9,0.2,57.5928,10,MEDIUM PROFIT,2016,11,4,1061,low discount,2,high
CA-2016-165309,11-11-2016,KD-16270,Karen,Daniels,,Consumer,United States,"Houston,Texas",77095,Central,TEC-PH-10004959,Technology,Phones,Karen Daniels,Classic Ivory Antique Telephone ZL1810,241.176,3,0.2,15.0735,6.25,MEDIUM PROFIT,2016,11,4,1062,low discount,4,medium
CA-2016-128524,11-11-2016,MZ-17515,Mary,Zewe,,Corporate,United States,"Seattle,Washington",98115,West,TEC-AC-10002718,Technology,Accessories,Mary Zewe,Belkin Standard 104 key USB Keyboard,102.13,7,0,15.3195,15,MEDIUM PROFIT,2016,11,4,1063,No discount,2,medium
CA-2016-125556,14-11-2016,ML-17410,Maris,LaWare,,Consumer,United States,"Fairfield,Connecticut",6824,East,TEC-PH-10001079,Technology,Phones,Maris LaWare,Polycom SoundPoint Pro SE-225 Corded phone,832.93,7,0,233.2204,28,HIGH PROFIT,2016,11,4,1064,No discount,2,high
CA-2016-133809,18-11-2016,MS-17530,MaryBeth,Skach,,Consumer,United States,"Fairfield,Ohio",45014,East,TEC-PH-10004875,Technology,Phones,MaryBeth Skach,PNY Rapid USB Car Charger - Black,9.588,2,0.4,-2.0774,-21.66666667,LOSS,2016,11,4,1065,low discount,5,low
CA-2016-144624,19-11-2016,JM-15865,John,Murray,,Consumer,United States,"Jamestown,New York",14701,East,TEC-PH-10002885,Technology,Phones,John Murray,Apple iPhone 5,4548.81,7,0,1228.1787,27,HIGH PROFIT,2016,11,4,1066,No discount,4,high
CA-2016-168984,26-11-2016,NW-18400,Natalie,Webber,,Consumer,United States,"Tigard,Oregon",97224,West,TEC-PH-10000038,Technology,Phones,Natalie Webber,Jawbone MINI JAMBOX Wireless Bluetooth Speaker,438.336,4,0.2,-87.6672,-20,LOSS,2016,11,4,1067,low discount,6,medium
CA-2016-124730,26-11-2016,LS-17245,Lynn,Smith,,Consumer,United States,"Utica,New York",13501,East,TEC-PH-10002170,Technology,Phones,Lynn Smith,ClearSounds CSC500 Amplified Spirit Phone Corded phone,279.96,4,0,78.3888,28,MEDIUM PROFIT,2016,11,4,1068,No discount,0,medium
CA-2016-121629,28-11-2016,BT-11680,Brian,Thompson,,Consumer,United States,"Houston,Texas",77041,Central,TEC-MA-10004679,Technology,Machines,Brian Thompson,StarTech.com 10/100 VDSL2 Ethernet Extender Kit,998.85,5,0.4,-199.77,-20,LOSS,2016,11,4,1069,low discount,4,high
CA-2016-159800,28-11-2016,SG-20470,Sheri,Gordon,,Consumer,United States,"San Francisco,California",94109,West,TEC-AC-10003447,Technology,Accessories,Sheri Gordon,Micropad Numeric Keypads,139.93,7,0,34.9825,25,MEDIUM PROFIT,2016,11,4,1070,No discount,3,medium
CA-2016-166191,05-12-2016,DK-13150,David,Kendrick,,Corporate,United States,"Decatur,Illinois",62521,Central,TEC-AC-10004659,Technology,Accessories,David Kendrick,Imation Secure+ Hardware Encrypted USB 2.0 Flash Drive; 16GB,408.744,7,0.2,76.6395,18.75,MEDIUM PROFIT,2016,12,4,1071,low discount,4,medium
CA-2016-106376,05-12-2016,BS-11590,Brendan,Sweed,,Corporate,United States,"Gilbert,Arizona",85234,West,TEC-PH-10002726,Technology,Phones,Brendan Sweed,netTALK DUO VoIP Telephone Service,167.968,4,0.2,62.988,37.5,MEDIUM PROFIT,2016,12,4,1072,low discount,5,medium
US-2016-140452,06-12-2016,BK-11260,Berenike,Kampe,,Consumer,United States,"Chicago,Illinois",60610,Central,TEC-PH-10000307,Technology,Phones,Berenike Kampe,Shocksock Galaxy S4 Armband,35.04,4,0.2,-7.008,-20,LOSS,2016,12,4,1073,low discount,4,low
CA-2016-129364,08-12-2016,TB-21250,Tim,Brockman,,Consumer,United States,"Salem,Oregon",97301,West,TEC-AC-10004227,Technology,Accessories,Tim Brockman,SanDisk Ultra 16 GB MicroSDHC Class 10 Memory Card,103.92,10,0.2,-18.186,-17.5,LOSS,2016,12,4,1074,low discount,5,medium
CA-2016-101602,15-12-2016,MC-18100,Mick,Crebagga,,Consumer,United States,"El Paso,Texas",79907,Central,TEC-PH-10000169,Technology,Phones,Mick Crebagga,ARKON Windshield Dashboard Air Vent Car Mount Holder,40.68,3,0.2,-9.153,-22.5,LOSS,2016,12,4,1075,low discount,3,low
CA-2016-162992,19-12-2016,BP-11095,Bart,Pistole,,Corporate,United States,"Los Angeles,California",90008,West,TEC-PH-10001944,Technology,Phones,Bart Pistole,Wi-Ex zBoost YX540 Cellular Phone Signal Booster,583.8,5,0.2,72.975,12.5,MEDIUM PROFIT,2016,12,4,1076,low discount,2,high
CA-2016-169446,19-12-2016,SG-20605,Speros,Goranitis,,Consumer,United States,"Chicago,Illinois",60623,Central,TEC-PH-10002817,Technology,Phones,Speros Goranitis,RCA ViSYS 25425RE1 Corded phone,323.976,3,0.2,36.4473,11.25,MEDIUM PROFIT,2016,12,4,1077,low discount,6,medium
US-2016-150574,19-12-2016,MK-18160,Mike,Kennedy,,Consumer,United States,"Jacksonville,Florida",32216,South,TEC-AC-10002600,Technology,Accessories,Mike Kennedy,Belkin QODE FastFit Bluetooth Keyboard,247.8,5,0.2,-18.585,-7.5,LOSS,2016,12,4,1078,low discount,6,medium
CA-2016-140816,20-12-2016,TC-21295,Toby,Carlisle,,Consumer,United States,"Thornton,Colorado",80229,West,TEC-AC-10001539,Technology,Accessories,Toby Carlisle,Logitech G430 Surround Sound Gaming Headset with Dolby 7.1 Technology,447.944,7,0.2,89.5888,20,MEDIUM PROFIT,2016,12,4,1079,low discount,0,medium
CA-2016-110786,29-12-2016,AJ-10795,Anthony,Johnson,,Corporate,United States,"San Francisco,California",94110,West,TEC-MA-10003183,Technology,Machines,Anthony Johnson,DYMO CardScan Personal V9 Business Card Scanner,767.952,6,0.2,287.982,37.5,HIGH PROFIT,2016,12,4,1080,low discount,4,high
US-2016-133949,31-12-2016,JL-15175,James,Lanier,,Home Office,United States,"Reno,Nevada",89502,West,TEC-PH-10004908,Technology,Phones,James Lanier,Panasonic KX TS3282W Corded phone,475.944,7,0.2,59.493,12.5,MEDIUM PROFIT,2016,12,4,1081,low discount,0,medium
CA-2016-111150,31-12-2016,RW-19630,Rob,Williams,,Corporate,United States,"Columbia,Missouri",65203,Central,TEC-AC-10000290,Technology,Accessories,Rob Williams,Sabrent 4-Port USB 2.0 Hub,47.53,7,0,16.1602,34,MEDIUM PROFIT,2016,12,4,1082,No discount,4,low
CA-2017-121797,30-01-2017,CC-12145,Charles,Crestani,,Consumer,United States,"Los Angeles,California",90049,West,TEC-MA-10000488,Technology,Machines,Charles Crestani,Bady BDG101FRU Card Printer,1919.976,3,0.2,215.9973,11.25,HIGH PROFIT,2017,1,1,1083,low discount,7,high
CA-2017-138485,27-02-2017,NP-18670,Nora,Paige,,Consumer,United States,"Seattle,Washington",98105,West,TEC-AC-10002076,Technology,Accessories,Nora Paige,Microsoft Natural Keyboard Elite,538.92,9,0,80.838,15,MEDIUM PROFIT,2017,2,1,1084,No discount,2,high
CA-2017-104129,27-02-2017,ES-14080,Erin,Smith,,Corporate,United States,"Providence,Rhode Island",2908,East,TEC-PH-10003800,Technology,Phones,Erin Smith,i.Sound Portable Power - 8000 mAh,105.98,2,0,1.0598,1,MEDIUM PROFIT,2017,2,1,1085,No discount,3,medium
CA-2017-155124,15-03-2017,KS-16300,Karen,Seio,,Corporate,United States,"Lehi,Utah",84043,West,TEC-PH-10003356,Technology,Phones,Karen Seio,"SmartStand Mobile Device Holder, Assorted Colors",16.776,3,0.2,1.6776,10,MEDIUM PROFIT,2017,3,1,1086,low discount,6,low
CA-2017-111829,19-03-2017,FH-14365,Fred,Hopkins,,Corporate,United States,"Seattle,Washington",98115,West,TEC-CO-10001766,Technology,Copiers,Fred Hopkins,Canon PC940 Copier,3149.93,7,0,1480.4671,47,HIGH PROFIT,2017,3,1,1087,No discount,1,high
CA-2017-117884,22-03-2017,DC-13285,Debra,Catini,,Consumer,United States,"Plantation,Florida",33317,South,TEC-AC-10002567,Technology,Accessories,Debra Catini,Logitech G602 Wireless Gaming Mouse,447.944,7,0.2,89.5888,20,MEDIUM PROFIT,2017,3,1,1088,low discount,0,medium
US-2017-159513,02-04-2017,JD-15790,John,Dryer,,Consumer,United States,"Los Angeles,California",90049,West,TEC-MA-10003329,Technology,Machines,John Dryer,"Vtech AT&T CL2940 Corded Speakerphone, Black",71.976,3,0.2,24.2919,33.75,MEDIUM PROFIT,2017,4,2,1089,low discount,7,low
CA-2017-102855,05-04-2017,JF-15415,Jennifer,Ferguson,,Consumer,United States,"Spokane,Washington",99207,West,TEC-AC-10001767,Technology,Accessories,Jennifer Ferguson,SanDisk Ultra 64 GB MicroSDHC Class 10 Memory Card,239.94,6,0,26.3934,11,MEDIUM PROFIT,2017,4,2,1090,No discount,1,medium
CA-2017-106257,13-04-2017,EB-14110,Eugene,Barchas,,Consumer,United States,"Los Angeles,California",90045,West,TEC-PH-10001494,Technology,Phones,Eugene Barchas,Polycom CX600 IP Phone VoIP phone,479.92,2,0.2,41.993,8.75,MEDIUM PROFIT,2017,4,2,1091,low discount,4,medium
CA-2017-124450,27-04-2017,GT-14710,Greg,Tran,,Consumer,United States,"Washington,District of Columbia",20016,East,TEC-MA-10004212,Technology,Machines,Greg Tran,Cisco SPA525G2 5-Line IP Phone,1379.92,8,0,648.5624,47,HIGH PROFIT,2017,4,2,1092,No discount,6,high
US-2017-115238,30-04-2017,JW-15220,Jane,Waco,,Corporate,United States,"Lawrence,Massachusetts",1841,East,TEC-PH-10001300,Technology,Phones,Jane Waco,"iKross Bluetooth Portable Keyboard + Cell Phone Stand Holder + Brush for Apple iPhone 5S 5C 5, 4S 4",209.5,10,0,58.66,28,MEDIUM PROFIT,2017,4,2,1093,No discount,4,medium
CA-2017-103716,30-04-2017,KB-16585,Ken,Black,,Corporate,United States,"San Francisco,California",94110,West,TEC-PH-10000347,Technology,Phones,Ken Black,Cush Cases Heavy Duty Rugged Cover Case for Samsung Galaxy S5 - Purple,19.8,5,0.2,1.7325,8.75,MEDIUM PROFIT,2017,4,2,1094,low discount,6,low
CA-2017-145821,01-05-2017,JB-15400,Jennifer,Braxton,,Corporate,United States,"Los Angeles,California",90008,West,TEC-PH-10004348,Technology,Phones,Jennifer Braxton,OtterBox Defender Series Case - iPhone 5c,88.752,3,0.2,11.094,12.5,MEDIUM PROFIT,2017,5,2,1095,low discount,6,low
CA-2017-110548,04-05-2017,AH-10690,Anna,Häberlin,,Corporate,United States,"Houston,Texas",77095,Central,TEC-PH-10002922,Technology,Phones,Anna Häberlin,ShoreTel ShorePhone IP 230 VoIP phone,946.344,7,0.2,118.293,12.5,HIGH PROFIT,2017,5,2,1096,low discount,4,high
US-2017-160857,08-05-2017,NW-18400,Natalie,Webber,,Consumer,United States,"New York City,New York",10024,East,TEC-CO-10004115,Technology,Copiers,Natalie Webber,Sharp AL-1530CS Digital Copier,2799.944,7,0.2,1014.9797,36.25,HIGH PROFIT,2017,5,2,1097,low discount,7,high
CA-2017-149846,22-05-2017,SB-20185,Sarah,Brown,,Consumer,United States,"Los Angeles,California",90045,West,TEC-MA-10004002,Technology,Machines,Sarah Brown,Zebra GX420t Direct Thermal/Thermal Transfer Printer,2973.32,7,0.2,334.4985,11.25,HIGH PROFIT,2017,5,2,1098,low discount,4,high
CA-2017-101868,09-06-2017,MJ-17740,Max,Jones,,Consumer,United States,"Miami,Florida",33178,South,TEC-AC-10004396,Technology,Accessories,Max Jones,Logitech Keyboard K120,72.6,5,0.2,-8.1675,-11.25,LOSS,2017,6,2,1099,low discount,7,low
CA-2017-104115,12-06-2017,JH-15910,Jonathan,Howell,,Consumer,United States,"West Palm Beach,Florida",33407,South,TEC-PH-10002844,Technology,Phones,Jonathan Howell,Speck Products Candyshell Flip Case,55.984,2,0.2,4.1988,7.5,MEDIUM PROFIT,2017,6,2,1100,low discount,4,low
US-2017-136427,20-06-2017,JM-16195,Justin,MacKendrick,,Consumer,United States,"Aurora,Colorado",80013,West,TEC-PH-10002070,Technology,Phones,Justin MacKendrick,Griffin GC36547 PowerJolt SE Lightning Charger,125.944,7,0.2,15.743,12.5,MEDIUM PROFIT,2017,6,2,1101,low discount,3,medium
CA-2017-139164,23-06-2017,CS-12355,Christine,Sundaresam,,Consumer,United States,"Long Beach,California",90805,West,TEC-PH-10002468,Technology,Phones,Christine Sundaresam,"Plantronics CS 50-USB - headset - Convertible, Monaural",217.584,2,0.2,19.0386,8.75,MEDIUM PROFIT,2017,6,2,1102,low discount,5,medium
CA-2017-122826,23-06-2017,RD-19480,Rick,Duston,,Consumer,United States,"Olympia,Washington",98502,West,TEC-PH-10004830,Technology,Phones,Rick Duston,Pyle PRT45 Retro Home Telephone,201.568,4,0.2,22.6764,11.25,MEDIUM PROFIT,2017,6,2,1103,low discount,2,medium
CA-2017-106187,23-06-2017,RF-19345,Randy,Ferguson,,Corporate,United States,"East Point,Georgia",30344,South,TEC-AC-10001590,Technology,Accessories,Randy Ferguson,Dell Slim USB Multimedia Keyboard,75,3,0,18,24,MEDIUM PROFIT,2017,6,2,1104,No discount,6,low
CA-2017-108665,06-07-2017,KM-16225,Kalyca,Meade,,Corporate,United States,"New York City,New York",10011,East,TEC-PH-10004188,Technology,Phones,Kalyca Meade,OtterBox Commuter Series Case - Samsung Galaxy S4,124.95,5,0,2.499,2,MEDIUM PROFIT,2017,7,3,1105,No discount,4,medium
CA-2017-126557,12-07-2017,RL-19615,Rob,Lucas,,Consumer,United States,"Chicago,Illinois",60610,Central,TEC-PH-10003963,Technology,Phones,Rob Lucas,GE 2-Jack Phone Line Splitter,659.168,4,0.2,49.4376,7.5,MEDIUM PROFIT,2017,7,3,1106,low discount,5,high
US-2017-166520,16-07-2017,KE-16420,Katrina,Edelman,,Corporate,United States,"New York City,New York",10035,East,TEC-AC-10001990,Technology,Accessories,Katrina Edelman,Kensington Orbit Wireless Mobile Trackball for PC and Mac,599.9,10,0,191.968,32,HIGH PROFIT,2017,7,3,1107,No discount,3,high
CA-2017-111206,18-07-2017,RF-19735,Roland,Fjeld,,Consumer,United States,"San Diego,California",92105,West,TEC-AC-10003095,Technology,Accessories,Roland Fjeld,Logitech G35 7.1-Channel Surround Sound Headset,519.96,4,0,176.7864,34,HIGH PROFIT,2017,7,3,1108,No discount,4,high
CA-2017-103135,24-07-2017,SS-20515,Shirley,Schmidt,,Home Office,United States,"Louisville,Kentucky",40214,South,TEC-AC-10003289,Technology,Accessories,Shirley Schmidt,Anker Ultra-Slim Mini Bluetooth 3.0 Wireless Keyboard,279.86,14,0,64.3678,23,MEDIUM PROFIT,2017,7,3,1109,No discount,4,medium
CA-2017-155334,30-07-2017,HA-14920,Helen,Andreada,,Consumer,United States,"San Francisco,California",94109,West,TEC-AC-10003628,Technology,Accessories,Helen Andreada,Logitech 910-002974 M325 Wireless Mouse for Web Scrolling,209.93,7,0,92.3692,44,MEDIUM PROFIT,2017,7,3,1110,No discount,1,medium
CA-2017-124891,31-07-2017,RH-19495,Rick,Hansen,,Consumer,United States,"New York City,New York",10024,East,TEC-AC-10003033,Technology,Accessories,Rick Hansen,Plantronics CS510 - Over-the-Head monaural Wireless Headset System,2309.65,7,0,762.1845,33,HIGH PROFIT,2017,7,3,1111,No discount,0,high
US-2017-156496,10-08-2017,WB-21850,William,Brown,,Consumer,United States,"Redmond,Oregon",97756,West,TEC-PH-10000576,Technology,Phones,William Brown,AT&T 1080 Corded phone,438.368,4,0.2,38.3572,8.75,MEDIUM PROFIT,2017,8,3,1112,low discount,6,medium
US-2017-128090,16-08-2017,JM-15865,John,Murray,,Consumer,United States,"Phoenix,Arizona",85023,West,TEC-PH-10002624,Technology,Phones,John Murray,Samsung Galaxy S4 Mini,1879.96,5,0.2,211.4955,11.25,HIGH PROFIT,2017,8,3,1113,low discount,6,high
CA-2017-108532,29-08-2017,CC-12100,Chad,Cunningham,,Home Office,United States,"Detroit,Michigan",48234,Central,TEC-AC-10004510,Technology,Accessories,Chad Cunningham,Logitech Desktop MK120 Mouse and keyboard Combo,114.52,7,0,11.452,10,MEDIUM PROFIT,2017,8,3,1114,No discount,4,medium
CA-2017-102876,07-09-2017,LR-17035,Lisa,Ryan,,Corporate,United States,"Philadelphia,Pennsylvania",19134,East,TEC-PH-10002680,Technology,Phones,Lisa Ryan,Samsung Galaxy Note 3,791.964,6,0.4,-131.994,-16.66666667,LOSS,2017,9,3,1115,low discount,7,high
CA-2017-140557,07-09-2017,TN-21040,Tanja,Norvell,,Home Office,United States,"New York City,New York",10009,East,TEC-AC-10002402,Technology,Accessories,Tanja Norvell,Razer Kraken PRO Over Ear PC and Music Headset,559.93,7,0,167.979,30,HIGH PROFIT,2017,9,3,1116,No discount,4,high
CA-2017-164084,07-09-2017,AG-10525,Andy,Gerbode,,Corporate,United States,"New York City,New York",10011,East,TEC-AC-10002305,Technology,Accessories,Andy Gerbode,KeyTronic E03601U1 - Keyboard - Beige,90,5,0,16.2,18,MEDIUM PROFIT,2017,9,3,1117,No discount,5,low
CA-2017-102582,15-09-2017,NW-18400,Natalie,Webber,,Consumer,United States,"Mobile,Alabama",36608,South,TEC-PH-10003187,Technology,Phones,Natalie Webber,Anker Astro Mini 3000mAh Ultra-Compact Portable Charger,59.97,3,0,0,0,MEDIUM PROFIT,2017,9,3,1118,No discount,4,low
CA-2017-142202,18-09-2017,JR-16210,Justin,Ritter,,Corporate,United States,"Jacksonville,Florida",32216,South,TEC-AC-10003198,Technology,Accessories,Justin Ritter,Enermax Acrylux Wireless Keyboard,717.12,9,0.2,152.388,21.25,HIGH PROFIT,2017,9,3,1119,low discount,5,high
CA-2017-135489,19-09-2017,GW-14605,Giulietta,Weimer,,Consumer,United States,"New York City,New York",10024,East,TEC-PH-10000011,Technology,Phones,Giulietta Weimer,PureGear Roll-On Screen Protector,279.86,14,0,134.3328,48,HIGH PROFIT,2017,9,3,1120,No discount,3,medium
US-2017-164308,24-09-2017,SC-20680,Steve,Carroll,,Home Office,United States,"Broken Arrow,Oklahoma",74012,Central,TEC-PH-10004120,Technology,Phones,Steve Carroll,AT&T 1080 Phone,821.94,6,0,213.7044,26,HIGH PROFIT,2017,9,3,1121,No discount,3,high
CA-2017-103933,25-09-2017,DR-12880,Dan,Reichenbach,,Corporate,United States,"New York City,New York",10011,East,TEC-AC-10004171,Technology,Accessories,Dan Reichenbach,Razer Kraken 7.1 Surround Sound Over Ear USB Gaming Headset,899.91,9,0,395.9604,44,HIGH PROFIT,2017,9,3,1122,No discount,2,high
US-2017-161991,26-09-2017,SC-20725,Steven,Cartwright,,Consumer,United States,"Houston,Texas",77070,Central,TEC-PH-10001760,Technology,Phones,Steven Cartwright,Bose SoundLink Bluetooth Speaker,1114.4,7,0.2,376.11,33.75,HIGH PROFIT,2017,9,3,1123,low discount,2,high
CA-2017-127173,26-09-2017,GM-14500,Gene,McClure,,Consumer,United States,"Oceanside,New York",11572,East,TEC-MA-10002859,Technology,Machines,Gene McClure,Ativa MDM8000 8-Sheet Micro-Cut Shredder,629.93,7,0,296.0671,47,HIGH PROFIT,2017,9,3,1124,No discount,7,high
CA-2017-124800,26-09-2017,RW-19540,Rick,Wilson,,Corporate,United States,"Mesa,Arizona",85204,West,TEC-PH-10001750,Technology,Phones,Rick Wilson,Samsung Rugby III,263.96,5,0.2,23.0965,8.75,MEDIUM PROFIT,2017,9,3,1125,low discount,4,medium
CA-2017-130883,26-09-2017,TB-21520,Tracy,Blumstein,,Consumer,United States,"Portland,Oregon",97206,West,TEC-AC-10001956,Technology,Accessories,Tracy Blumstein,Microsoft Arc Touch Mouse,239.8,5,0.2,47.96,20,MEDIUM PROFIT,2017,9,3,1126,low discount,6,medium
CA-2017-125976,27-09-2017,JK-15205,Jamie,Kunitz,,Consumer,United States,"Arlington,Virginia",22204,South,TEC-PH-10002496,Technology,Phones,Jamie Kunitz,Cisco SPA301,1871.88,12,0,561.564,30,HIGH PROFIT,2017,9,3,1127,No discount,5,high
CA-2017-148873,01-10-2017,EM-13960,Eric,Murdock,,Consumer,United States,"Quincy,Illinois",62301,Central,TEC-AC-10003657,Technology,Accessories,Eric Murdock,Lenovo 17-Key USB Numeric Keypad,108.768,4,0.2,2.7192,2.5,MEDIUM PROFIT,2017,10,4,1128,low discount,4,medium
CA-2017-114300,13-10-2017,AF-10885,Art,Foster,,Consumer,United States,"Louisville,Kentucky",40214,South,TEC-PH-10001552,Technology,Phones,Art Foster,I Need's 3d Hello Kitty Hybrid Silicone Case Cover for HTC One X 4g with 3d Hello Kitty Stylus Pen Green/pink,83.72,7,0,23.4416,28,MEDIUM PROFIT,2017,10,4,1129,No discount,4,low
CA-2017-105613,18-10-2017,KN-16705,Kristina,Nunn,,Home Office,United States,"Mcallen,Texas",78501,Central,TEC-AC-10000521,Technology,Accessories,Kristina Nunn,"Verbatim Slim CD and DVD Storage Cases, 50/Pack",27.696,3,0.2,3.462,12.5,MEDIUM PROFIT,2017,10,4,1130,low discount,4,low
CA-2017-113901,19-10-2017,NH-18610,Nicole,Hansen,,Corporate,United States,"Detroit,Michigan",48227,Central,TEC-PH-10002564,Technology,Phones,Nicole Hansen,OtterBox Defender Series Case - Samsung Galaxy S4,149.95,5,0,44.985,30,MEDIUM PROFIT,2017,10,4,1131,No discount,5,medium
CA-2017-132486,23-10-2017,JF-15355,Jay,Fein,,Consumer,United States,"San Diego,California",92105,West,TEC-AC-10000710,Technology,Accessories,Jay Fein,Maxell DVD-RAM Discs,148.32,9,0,63.7776,43,MEDIUM PROFIT,2017,10,4,1132,No discount,4,medium
CA-2017-145758,30-10-2017,BF-11020,Barry,Französisch,,Corporate,United States,"New York City,New York",10024,East,TEC-MA-10004552,Technology,Machines,Barry Französisch,Star Micronics TSP100 TSP143LAN Receipt Printer,1035.8,4,0,269.308,26,HIGH PROFIT,2017,10,4,1133,No discount,0,high
CA-2017-123673,30-10-2017,CH-12070,Cathy,Hwang,,Home Office,United States,"Detroit,Michigan",48227,Central,TEC-PH-10001809,Technology,Phones,Cathy Hwang,Panasonic KX T7736-B Digital phone,299.9,2,0,74.975,25,MEDIUM PROFIT,2017,10,4,1134,No discount,2,medium
CA-2017-164882,31-10-2017,SG-20080,Sandra,Glassco,,Consumer,United States,"Redlands,California",92374,West,TEC-PH-10001578,Technology,Phones,Sandra Glassco,Polycom SoundStation2 EX Conference phone,1295.84,4,0.2,145.782,11.25,HIGH PROFIT,2017,10,4,1135,low discount,0,high
CA-2017-125416,02-11-2017,KC-16540,Kelly,Collister,,Consumer,United States,"Seattle,Washington",98115,West,TEC-AC-10001552,Technology,Accessories,Kelly Collister,Logitech K350 2.4Ghz Wireless Keyboard,447.93,9,0,49.2723,11,MEDIUM PROFIT,2017,11,4,1136,No discount,0,medium
CA-2017-114811,08-11-2017,KD-16495,Keith,Dawkins,,Corporate,United States,"New York City,New York",10024,East,TEC-MA-10000045,Technology,Machines,Keith Dawkins,Zebra ZM400 Thermal Label Printer,4643.8,4,0,2229.024,48,HIGH PROFIT,2017,11,4,1137,No discount,0,high
US-2017-151407,08-11-2017,RD-19585,Rob,Dowd,,Consumer,United States,"Dubuque,Iowa",52001,Central,TEC-PH-10003885,Technology,Phones,Rob Dowd,Cisco SPA508G,263.96,4,0,76.5484,29,MEDIUM PROFIT,2017,11,4,1138,No discount,4,medium
CA-2017-109386,08-11-2017,RH-19600,Rob,Haberlin,,Consumer,United States,"Hampton,Virginia",23666,South,TEC-PH-10002890,Technology,Phones,Rob Haberlin,AT&T 17929 Lendline Telephone,226.2,5,0,58.812,26,MEDIUM PROFIT,2017,11,4,1139,No discount,5,medium
CA-2017-126725,17-11-2017,BS-11665,Brian,Stugart,,Consumer,United States,"San Diego,California",92105,West,TEC-PH-10003174,Technology,Phones,Brian Stugart,RCA ViSYS 25825 Wireless digital phone,415.968,4,0.2,51.996,12.5,MEDIUM PROFIT,2017,11,4,1140,low discount,4,medium
CA-2017-145814,19-11-2017,KD-16345,Katherine,Ducich,,Consumer,United States,"New York City,New York",10035,East,TEC-PH-10002200,Technology,Phones,Katherine Ducich,Aastra 6757i CT Wireless VoIP phone,861.76,4,0,249.9104,29,HIGH PROFIT,2017,11,4,1141,No discount,5,high
CA-2017-161767,20-11-2017,GK-14620,Grace,Kelly,,Corporate,United States,"Dallas,Texas",75217,Central,TEC-MA-10002790,Technology,Machines,Grace Kelly,NeatDesk Desktop Scanner & Digital Filing System,479.988,2,0.4,55.9986,11.66666667,MEDIUM PROFIT,2017,11,4,1142,low discount,4,medium
CA-2017-119879,21-11-2017,SS-20410,Shahid,Shariari,,Consumer,United States,"Philadelphia,Pennsylvania",19120,East,TEC-PH-10002923,Technology,Phones,Shahid Shariari,"Logitech B530 USB Headset - headset - Full size, Binaural",110.97,5,0.4,-24.0435,-21.66666667,LOSS,2017,11,4,1143,low discount,4,medium
US-2017-165449,22-11-2017,AP-10720,Anne,Pryor,,Home Office,United States,"Frisco,Texas",75034,Central,TEC-AC-10004127,Technology,Accessories,Anne Pryor,SanDisk Cruzer 8 GB USB Flash Drive,27.168,4,0.2,-1.3584,-5,LOSS,2017,11,4,1144,low discount,4,low
US-2017-154389,27-11-2017,EH-14125,Eugene,Hildebrand,,Home Office,United States,"Philadelphia,Pennsylvania",19140,East,TEC-PH-10002789,Technology,Phones,Eugene Hildebrand,LG Exalt,748.752,8,0.4,-162.2296,-21.66666667,LOSS,2017,11,4,1145,low discount,6,high
US-2017-159982,28-11-2017,DR-12880,Dan,Reichenbach,,Corporate,United States,"Chicago,Illinois",60623,Central,TEC-PH-10001580,Technology,Phones,Dan Reichenbach,Logitech Mobile Speakerphone P710e - speaker phone,647.904,6,0.2,56.6916,8.75,MEDIUM PROFIT,2017,11,4,1146,low discount,6,high
CA-2017-122756,03-12-2017,DK-13225,Dean,Katz,,Corporate,United States,"Philadelphia,Pennsylvania",19140,East,TEC-MA-10001681,Technology,Machines,Dean Katz,Lexmark MarkNet N8150 Wireless Print Server,482.34,4,0.7,-337.638,-70,LOSS,2017,12,4,1147,low discount,4,medium
CA-2017-130659,04-12-2017,MS-17365,Maribeth,Schnelling,,Consumer,United States,"New York City,New York",10035,East,TEC-PH-10004586,Technology,Phones,Maribeth Schnelling,Wilson SignalBoost 841262 DB PRO Amplifier Kit,1799.75,5,0,539.925,30,HIGH PROFIT,2017,12,4,1148,No discount,5,high
CA-2017-161718,04-12-2017,SO-20335,Sean,O'Donnell,,Consumer,United States,"Hempstead,New York",11550,East,TEC-PH-10000376,Technology,Phones,Sean O'Donnell,Square Credit Card Reader,39.96,4,0,10.3896,26,MEDIUM PROFIT,2017,12,4,1149,No discount,6,low
US-2017-127040,06-12-2017,SG-20605,Speros,Goranitis,,Consumer,United States,"New York City,New York",10009,East,TEC-AC-10002637,Technology,Accessories,Speros Goranitis,Logitech VX Revolution Cordless Laser Mouse for Notebooks (Black),1619.91,9,0,97.1946,6,MEDIUM PROFIT,2017,12,4,1150,No discount,4,high
CA-2017-153752,06-12-2017,RO-19780,Rose,O'Brian,,Consumer,United States,"Arlington,Virginia",22204,South,TEC-PH-10001615,Technology,Phones,Rose O'Brian,AT&T CL82213,173.94,6,0,50.4426,29,MEDIUM PROFIT,2017,12,4,1151,No discount,5,medium
CA-2017-165050,07-12-2017,AH-10210,Alan,Hwang,,Consumer,United States,"New York City,New York",10024,East,TEC-PH-10001336,Technology,Phones,Alan Hwang,Digium D40 VoIP phone,773.94,6,0,224.4426,29,HIGH PROFIT,2017,12,4,1152,No discount,2,high
CA-2017-135622,08-12-2017,TT-21460,Tonja,Turnell,,Home Office,United States,"Fort Worth,Texas",76106,Central,TEC-PH-10001817,Technology,Phones,Tonja Turnell,Wilson Electronics DB Pro Signal Booster,1718.4,6,0.2,150.36,8.75,HIGH PROFIT,2017,12,4,1153,low discount,3,high
CA-2017-129532,08-12-2017,YS-21880,Yana,Sorensen,,Corporate,United States,"Los Angeles,California",90036,West,TEC-AC-10000865,Technology,Accessories,Yana Sorensen,WD My Passport Ultra 500GB Portable External Hard Drive,236,4,0,40.12,17,MEDIUM PROFIT,2017,12,4,1154,No discount,4,medium
CA-2017-103205,08-12-2017,JJ-15760,Joel,Jenkins,,Home Office,United States,"Houston,Texas",77036,Central,TEC-PH-10004896,Technology,Phones,Joel Jenkins,Nokia Lumia 521 (T-Mobile),119.96,5,0.2,11.996,10,MEDIUM PROFIT,2017,12,4,1155,low discount,2,medium
CA-2017-135853,11-12-2017,CA-12775,Cynthia,Arntzen,,Consumer,United States,"Detroit,Michigan",48205,Central,TEC-AC-10004761,Technology,Accessories,Cynthia Arntzen,Maxell 4.7GB DVD+RW 3/Pack,175.23,11,0,61.3305,35,MEDIUM PROFIT,2017,12,4,1156,No discount,3,medium
CA-2017-110870,12-12-2017,KD-16270,Karen,Daniels,,Consumer,United States,"Los Angeles,California",90032,West,TEC-AC-10002926,Technology,Accessories,Karen Daniels,Logitech Wireless Marathon Mouse M705,299.94,6,0,128.9742,43,HIGH PROFIT,2017,12,4,1157,No discount,3,medium
US-2017-167220,12-12-2017,JB-15925,Joni,Blumstein,,Consumer,United States,"Austin,Texas",78745,Central,TEC-AC-10002018,Technology,Accessories,Joni Blumstein,AmazonBasics 3-Button USB Wired Mouse,22.368,4,0.2,6.4308,28.75,MEDIUM PROFIT,2017,12,4,1158,low discount,4,low
CA-2017-123232,14-12-2017,DJ-13630,Doug,Jacobs,,Consumer,United States,"Portland,Oregon",97206,West,TEC-PH-10001051,Technology,Phones,Doug Jacobs,HTC One,319.968,4,0.2,35.9964,11.25,MEDIUM PROFIT,2017,12,4,1159,low discount,2,medium
CA-2017-147830,15-12-2017,NF-18385,Natalie,Fritzler,,Consumer,United States,"Newark,Ohio",43055,East,TEC-AC-10002049,Technology,Accessories,Natalie Fritzler,Plantronics Savi W720 Multi-Device Wireless Headset System,2025.36,6,0.2,607.608,30,HIGH PROFIT,2017,12,4,1160,low discount,3,high
CA-2017-109638,15-12-2017,JH-15985,Joseph,Holt,,Consumer,United States,"Seattle,Washington",98115,West,TEC-AC-10004571,Technology,Accessories,Joseph Holt,Logitech G700s Rechargeable Gaming Mouse,899.91,9,0,377.9622,42,HIGH PROFIT,2017,12,4,1161,No discount,7,high
CA-2017-112375,21-12-2017,RD-19720,Roger,Demir,,Consumer,United States,"Daytona Beach,Florida",32114,South,TEC-AC-10003237,Technology,Accessories,Roger Demir,Memorex Micro Travel Drive 4 GB,50.88,6,0.2,14.628,28.75,MEDIUM PROFIT,2017,12,4,1162,low discount,6,low
US-2017-128587,24-12-2017,HM-14860,Harry,Marie,,Corporate,United States,"Springfield,Missouri",65807,Central,TEC-CO-10003763,Technology,Copiers,Harry Marie,Canon PC1060 Personal Laser Copier,4899.93,7,0,2302.9671,47,HIGH PROFIT,2017,12,4,1163,No discount,6,high
CA-2017-111780,25-12-2017,RA-19285,Ralph,Arnett,,Consumer,United States,"San Diego,California",92037,West,TEC-CO-10004202,Technology,Copiers,Ralph Arnett,Brother DCP1000 Digital 3 in 1 Multifunction Machine,1199.96,5,0.2,224.9925,18.75,HIGH PROFIT,2017,12,4,1164,low discount,5,high
CA-2017-130113,27-12-2017,AH-10030,Aaron,Hawkins,,Corporate,United States,"San Francisco,California",94122,West,TEC-PH-10003505,Technology,Phones,Aaron Hawkins,Geemarc AmpliPOWER60,668.16,9,0.2,75.168,11.25,MEDIUM PROFIT,2017,12,4,1165,low discount,4,high
CA-2017-155145,27-12-2017,KN-16450,Kean,Nguyen,,Corporate,United States,"Visalia,California",93277,West,TEC-AC-10003709,Technology,Accessories,Kean Nguyen,Maxell 4.7GB DVD-R 5/Pack,7.92,8,0,3.4848,44,MEDIUM PROFIT,2017,12,4,1166,No discount,2,low
CA-2018-134474,05-01-2018,AJ-10795,Anthony,Johnson,,Corporate,United States,"Jacksonville,Florida",32216,South,TEC-AC-10001714,Technology,Accessories,Anthony Johnson,Logitech MX Performance Wireless Mouse,191.472,6,0.2,40.6878,21.25,MEDIUM PROFIT,2018,1,1,1167,low discount,2,medium
CA-2018-108882,09-01-2018,LA-16780,Laura,Armstrong,,Corporate,United States,"Fresno,California",93727,West,TEC-AC-10000420,Technology,Accessories,Laura Armstrong,Logitech G500s Laser Gaming Mouse with Adjustable Weight Tuning,349.95,5,0,118.983,34,HIGH PROFIT,2018,1,1,1168,No discount,6,medium
CA-2018-168032,30-01-2018,DF-13135,David,Flashing,,Consumer,United States,"Rockford,Illinois",61107,Central,TEC-PH-10004241,Technology,Phones,David Flashing,Nokia Lumia 1020,1439.968,4,0.2,143.9968,10,HIGH PROFIT,2018,1,1,1169,low discount,4,high
CA-2018-158841,02-02-2018,SE-20110,Sanjit,Engle,,Consumer,United States,"Arlington,Virginia",22204,South,TEC-MA-10001127,Technology,Machines,Sanjit Engle,"HP Designjet T520 Inkjet Large Format Printer - 24"" Color",8749.95,5,0,2799.984,32,HIGH PROFIT,2018,2,1,1170,No discount,2,high
CA-2018-100993,05-02-2018,AZ-10750,Annie,Zypern,,Consumer,United States,"San Diego,California",92037,West,TEC-PH-10001448,Technology,Phones,Annie Zypern,Anker Astro 15000mAh USB Portable Charger,159.968,4,0.2,-31.9936,-20,LOSS,2018,2,1,1171,low discount,5,medium
CA-2018-106894,07-02-2018,CA-12265,Christina,Anderson,,Consumer,United States,"Springfield,Virginia",22153,South,TEC-AC-10003063,Technology,Accessories,Christina Anderson,Micro Innovations USB RF Wireless Keyboard with Mouse,100,4,0,21,21,MEDIUM PROFIT,2018,2,1,1172,No discount,0,medium
CA-2018-164938,11-02-2018,PB-19210,Phillip,Breyer,,Corporate,United States,"Tulsa,Oklahoma",74133,Central,TEC-PH-10004897,Technology,Phones,Phillip Breyer,Mediabridge Sport Armband iPhone 5s,69.93,7,0,0.6993,1,MEDIUM PROFIT,2018,2,1,1173,No discount,2,low
US-2018-143819,01-03-2018,KD-16270,Karen,Daniels,,Consumer,United States,"Yonkers,New York",10701,East,TEC-MA-10003979,Technology,Machines,Karen Daniels,Ativa V4110MDD Micro-Cut Shredder,4899.93,7,0,2400.9657,49,HIGH PROFIT,2018,3,1,1174,No discount,4,high
US-2018-151862,01-03-2018,ON-18715,Odella,Nelson,,Corporate,United States,"Denver,Colorado",80219,West,TEC-PH-10003535,Technology,Phones,Odella Nelson,RCA ViSYS 25423RE1 Corded phone,159.984,2,0.2,13.9986,8.75,MEDIUM PROFIT,2018,3,1,1175,low discount,7,medium
CA-2018-145730,03-03-2018,CC-12220,Chris,Cortes,,Consumer,United States,"San Antonio,Texas",78207,Central,TEC-MA-10001016,Technology,Machines,Chris Cortes,Canon PC170 Desktop Personal Copier,287.91,3,0.4,33.5895,11.66666667,MEDIUM PROFIT,2018,3,1,1176,low discount,5,medium
CA-2018-103982,03-03-2018,AA-10315,Alex,Avila,,Consumer,United States,"Round Rock,Texas",78664,Central,TEC-AC-10002857,Technology,Accessories,Alex Avila,"Verbatim 25 GB 6x Blu-ray Single Layer Recordable Disc, 1/Pack",41.72,7,0.2,5.7365,13.75,MEDIUM PROFIT,2018,3,1,1177,low discount,5,low
CA-2018-152555,29-03-2018,ME-17320,Maria,Etezadi,,Home Office,United States,"Chicago,Illinois",60653,Central,TEC-PH-10001254,Technology,Phones,Maria Etezadi,Jabra BIZ 2300 Duo QD Duo Corded Headset,812.736,8,0.2,60.9552,7.5,MEDIUM PROFIT,2018,3,1,1178,low discount,4,high
CA-2018-127236,29-03-2018,TB-21595,Troy,Blackwell,,Consumer,United States,"Springfield,Ohio",45503,East,TEC-PH-10000141,Technology,Phones,Troy Blackwell,Clearsounds A400,158.376,4,0.4,-36.9544,-23.33333333,LOSS,2018,3,1,1179,low discount,4,medium
CA-2018-166674,01-04-2018,RB-19360,Raymond,Buch,,Consumer,United States,"Auburn,New York",13021,East,TEC-PH-10002365,Technology,Phones,Raymond Buch,Belkin Grip Candy Sheer Case / Cover for iPhone 5 and 5S,35.12,4,0,9.1312,26,MEDIUM PROFIT,2018,4,2,1180,No discount,2,low
US-2018-150140,06-04-2018,VM-21685,Valerie,Mitchum,,Home Office,United States,"Burlington,Vermont",,East,TEC-PH-10002555,Technology,Phones,Valerie Mitchum,Nortel Meridian M5316 Digital phone,1294.75,5,0,336.635,26,HIGH PROFIT,2018,4,2,1181,No discount,4,high
US-2018-107440,16-04-2018,BS-11365,Bill,Shonely,,Corporate,United States,"Lakewood,New Jersey",8701,East,TEC-MA-10001047,Technology,Machines,Bill Shonely,"3D Systems Cube Printer, 2nd Generation, Magenta",9099.93,7,0,2365.9818,26,HIGH PROFIT,2018,4,2,1182,No discount,4,high
CA-2018-139381,18-04-2018,RF-19840,Roy,Französisch,,Consumer,United States,"Chesapeake,Virginia",23320,South,TEC-PH-10004924,Technology,Phones,Roy Französisch,"SKILCRAFT Telephone Shoulder Rest, 2"" x 6.5"" x 2.5"", Black",29.56,4,0,7.9812,27,MEDIUM PROFIT,2018,4,2,1183,No discount,4,low
US-2018-148901,14-05-2018,MK-17905,Michael,Kennedy,,Corporate,United States,"Jacksonville,Florida",32216,South,TEC-PH-10003988,Technology,Phones,Michael Kennedy,"LF Elite 3D Dazzle Designer Hard Case Cover, Lf Stylus Pen and Wiper For Apple Iphone 5c Mini Lite",43.6,5,0.2,4.36,10,MEDIUM PROFIT,2018,5,2,1184,low discount,5,low
CA-2018-105256,20-05-2018,JK-15730,Joe,Kamberova,,Consumer,United States,"Asheville,North Carolina",28806,South,TEC-PH-10001530,Technology,Phones,Joe Kamberova,Cisco Unified IP Phone 7945G VoIP phone,1363.96,5,0.2,85.2475,6.25,MEDIUM PROFIT,2018,5,2,1185,low discount,0,high
CA-2018-107202,21-05-2018,LC-16930,Linda,Cazamias,,Corporate,United States,"Sparks,Nevada",89431,West,TEC-MA-10000112,Technology,Machines,Linda Cazamias,Panasonic KX MB2061 Multifunction Printer,2396.4,10,0.2,179.73,7.5,HIGH PROFIT,2018,5,2,1186,low discount,7,high
CA-2018-146934,22-05-2018,AF-10870,Art,Ferguson,,Consumer,United States,"Passaic,New Jersey",7055,East,TEC-AC-10002399,Technology,Accessories,Art Ferguson,SanDisk Cruzer 32 GB USB Flash Drive,95.1,5,0,30.432,32,MEDIUM PROFIT,2018,5,2,1187,No discount,5,low
CA-2018-133725,23-05-2018,KL-16645,Ken,Lonsdale,,Consumer,United States,"Chicago,Illinois",60623,Central,TEC-PH-10004165,Technology,Phones,Ken Lonsdale,Mitel MiVoice 5330e IP Phone,1979.928,9,0.2,148.4946,7.5,HIGH PROFIT,2018,5,2,1188,low discount,5,high
CA-2018-134803,28-05-2018,CL-12565,Clay,Ludtke,,Consumer,United States,"Los Angeles,California",90004,West,TEC-AC-10002217,Technology,Accessories,Clay Ludtke,Imation Clip USB flash drive - 8 GB,131.6,7,0,7.896,6,MEDIUM PROFIT,2018,5,2,1189,No discount,6,medium
CA-2018-168753,29-05-2018,RL-19615,Rob,Lucas,,Consumer,United States,"Montgomery,Alabama",36116,South,TEC-PH-10000984,Technology,Phones,Rob Lucas,Panasonic KX-TG9471B,979.95,5,0,274.386,28,HIGH PROFIT,2018,5,2,1190,No discount,3,high
CA-2018-168844,31-05-2018,NM-18520,Neoma,Murray,,Consumer,United States,"New York City,New York",10011,East,TEC-PH-10003215,Technology,Phones,Neoma Murray,Jackery Bar Premium Fast-charging Portable Charger,179.7,6,0,88.053,49,MEDIUM PROFIT,2018,5,2,1191,No discount,6,medium
CA-2018-165848,04-06-2018,EN-13780,Edward,Nazzal,,Consumer,United States,"New York City,New York",10035,East,TEC-MA-10003356,Technology,Machines,Edward Nazzal,Panasonic KX MC6040 Color Laser Multifunction Printer,1349.85,3,0,364.4595,27,HIGH PROFIT,2018,6,2,1192,No discount,0,high
CA-2018-125318,06-06-2018,RC-19825,Roy,Collins,,Consumer,United States,"Chicago,Illinois",60610,Central,TEC-PH-10001433,Technology,Phones,Roy Collins,Cisco Small Business SPA 502G VoIP phone,328.224,4,0.2,28.7196,8.75,MEDIUM PROFIT,2018,6,2,1193,low discount,7,medium
US-2018-139710,09-06-2018,GM-14680,Greg,Matthias,,Consumer,United States,"Los Angeles,California",90045,West,TEC-PH-10001198,Technology,Phones,Greg Matthias,Avaya 4621SW VoIP phone,177.48,3,0.2,19.9665,11.25,MEDIUM PROFIT,2018,6,2,1194,low discount,6,medium
CA-2018-147375,12-06-2018,PO-19180,Philisse,Overcash,,Home Office,United States,"Chicago,Illinois",60623,Central,TEC-MA-10002937,Technology,Machines,Philisse Overcash,"Canon Color ImageCLASS MF8580Cdw Wireless Laser All-In-One Printer, Copier, Scanner",1007.979,3,0.3,43.1991,4.285714286,MEDIUM PROFIT,2018,6,2,1195,low discount,2,high
CA-2018-103730,12-06-2018,SC-20725,Steven,Cartwright,,Consumer,United States,"Wilmington,Delaware",19805,East,TEC-PH-10003875,Technology,Phones,Steven Cartwright,KLD Oscar II Style Snap-on Ultra Thin Side Flip Synthetic Leather Cover Case for HTC One HTC M7,68.04,7,0,19.7316,29,MEDIUM PROFIT,2018,6,2,1196,No discount,3,low
CA-2018-140977,16-06-2018,JL-15175,James,Lanier,,Home Office,United States,"Chattanooga,Tennessee",37421,South,TEC-MA-10003493,Technology,Machines,James Lanier,Penpower WorldCard Pro Card Scanner,91.475,1,0.5,-1.8295,-2,LOSS,2018,6,2,1197,low discount,3,low
CA-2018-108581,20-06-2018,EA-14035,Erin,Ashbrook,,Corporate,United States,"Carrollton,Texas",75007,Central,TEC-AC-10001109,Technology,Accessories,Erin Ashbrook,Logitech Trackman Marble Mouse,95.968,4,0.2,26.3912,27.5,MEDIUM PROFIT,2018,6,2,1198,low discount,6,low
CA-2018-140382,23-06-2018,RD-19900,Ruben,Dartt,,Consumer,United States,"San Francisco,California",94109,West,TEC-PH-10003012,Technology,Phones,Ruben Dartt,Nortel Meridian M3904 Professional Digital phone,862.344,7,0.2,97.0137,11.25,MEDIUM PROFIT,2018,6,2,1199,low discount,2,high
CA-2018-100300,24-06-2018,MJ-17740,Max,Jones,,Consumer,United States,"San Diego,California",92037,West,TEC-MA-10000984,Technology,Machines,Max Jones,Okidata MB760 Printer,4476.8,4,0.2,503.64,11.25,HIGH PROFIT,2018,6,2,1200,low discount,2,high
CA-2018-101987,24-06-2018,HL-15040,Hunter,Lopez,,Consumer,United States,"Richmond,Indiana",47374,Central,TEC-PH-10001305,Technology,Phones,Hunter Lopez,Panasonic KX TS208W Corded phone,440.91,9,0,123.4548,28,HIGH PROFIT,2018,6,2,1201,No discount,6,medium
US-2018-158708,26-06-2018,AB-10255,Alejandro,Ballentine,,Home Office,United States,"Plano,Texas",75023,Central,TEC-AC-10003133,Technology,Accessories,Alejandro Ballentine,Memorex Mini Travel Drive 4 GB USB 2.0 Flash Drive,13.616,2,0.2,3.5742,26.25,MEDIUM PROFIT,2018,6,2,1202,low discount,3,low
CA-2018-139997,01-07-2018,EM-14140,Eugene,Moren,,Home Office,United States,"Lehi,Utah",84043,West,TEC-CO-10000971,Technology,Copiers,Eugene Moren,Hewlett Packard 310 Color Digital Copier,1499.95,5,0,449.985,30,HIGH PROFIT,2018,7,3,1203,No discount,2,high
CA-2018-156685,08-07-2018,SC-20230,Scot,Coram,,Corporate,United States,"Arlington,Texas",76017,Central,TEC-PH-10004345,Technology,Phones,Scot Coram,Cisco SPA 502G IP Phone,863.64,9,0.2,107.955,12.5,HIGH PROFIT,2018,7,3,1204,low discount,2,high
CA-2018-152471,08-07-2018,ZD-21925,Zuschuss,Donatelli,,Consumer,United States,"Jacksonville,Florida",32216,South,TEC-PH-10002824,Technology,Phones,Zuschuss Donatelli,Jabra SPEAK 410 Multidevice Speakerphone,823.96,5,0.2,51.4975,6.25,MEDIUM PROFIT,2018,7,3,1205,low discount,0,high
CA-2018-164924,10-07-2018,EA-14035,Erin,Ashbrook,,Corporate,United States,"Philadelphia,Pennsylvania",19143,East,TEC-MA-10000904,Technology,Machines,Erin Ashbrook,"Brother MFC-9340CDW LED All-In-One Printer, Copier Scanner",341.991,3,0.7,-319.1916,-93.33333333,LOSS,2018,7,3,1206,low discount,0,medium
CA-2018-101966,14-07-2018,BM-11785,Bryan,Mills,,Consumer,United States,"Houston,Texas",77036,Central,TEC-PH-10003437,Technology,Phones,Bryan Mills,Blue Parrot B250XT Professional Grade Wireless Bluetooth Headset with,419.944,7,0.2,52.493,12.5,MEDIUM PROFIT,2018,7,3,1207,low discount,2,medium
CA-2018-136924,14-07-2018,ES-14080,Erin,Smith,,Corporate,United States,"Tucson,Arizona",85705,West,TEC-PH-10002262,Technology,Phones,Erin Smith,LG Electronics Tone+ HBS-730 Bluetooth Headset,380.864,8,0.2,38.0864,10,MEDIUM PROFIT,2018,7,3,1208,low discount,3,medium
US-2018-139087,17-07-2018,DK-13375,Dennis,Kane,,Consumer,United States,"Seattle,Washington",98105,West,TEC-AC-10004595,Technology,Accessories,Dennis Kane,First Data TMFD35 PIN Pad,428.4,3,0,89.964,21,MEDIUM PROFIT,2018,7,3,1209,No discount,5,medium
CA-2018-124681,18-07-2018,SV-20935,Susan,Vittorini,,Consumer,United States,"Dallas,Texas",75217,Central,TEC-AC-10000487,Technology,Accessories,Susan Vittorini,SanDisk Cruzer 4 GB USB Flash Drive,15.576,3,0.2,3.3099,21.25,MEDIUM PROFIT,2018,7,3,1210,low discount,5,low
CA-2018-111318,23-07-2018,IL-15100,Ivan,Liston,,Consumer,United States,"Houston,Texas",77041,Central,TEC-PH-10004100,Technology,Phones,Ivan Liston,Griffin GC17055 Auxiliary Audio Cable,115.136,8,0.2,11.5136,10,MEDIUM PROFIT,2018,7,3,1211,low discount,3,medium
US-2018-115441,25-07-2018,SH-19975,Sally,Hughsby,,Corporate,United States,"Milwaukee,Wisconsin",53209,Central,TEC-AC-10003116,Technology,Accessories,Sally Hughsby,Memorex Froggy Flash Drive 8 GB,124.25,7,0,48.4575,39,MEDIUM PROFIT,2018,7,3,1212,No discount,3,medium
CA-2018-133550,31-07-2018,KL-16645,Ken,Lonsdale,,Consumer,United States,"Detroit,Michigan",48205,Central,TEC-PH-10004042,Technology,Phones,Ken Lonsdale,ClearOne Communications CHAT 70 OC Speaker Phone,635.96,4,0,165.3496,26,HIGH PROFIT,2018,7,3,1213,No discount,6,high
CA-2018-104150,03-08-2018,AG-10330,Alex,Grayson,,Consumer,United States,"Tulsa,Oklahoma",74133,Central,TEC-AC-10004803,Technology,Accessories,Alex Grayson,Sony Micro Vault Click 4 GB USB 2.0 Flash Drive,167.28,12,0,23.4192,14,MEDIUM PROFIT,2018,8,3,1214,No discount,2,medium
CA-2018-136021,14-08-2018,JM-15580,Jill,Matthias,,Consumer,United States,"Los Angeles,California",90045,West,TEC-MA-10000423,Technology,Machines,Jill Matthias,Texas Instruments TI-34 Scientific Calculator,105.552,6,0.2,35.6238,33.75,MEDIUM PROFIT,2018,8,3,1215,low discount,4,medium
CA-2018-118626,15-08-2018,JC-15775,John,Castell,,Consumer,United States,"Tallahassee,Florida",32303,South,TEC-PH-10000369,Technology,Phones,John Castell,HTC One Mini,705.544,7,0.2,70.5544,10,MEDIUM PROFIT,2018,8,3,1216,low discount,5,high
CA-2018-150350,23-08-2018,MS-17770,Maxwell,Schwartz,,Consumer,United States,"Seattle,Washington",98105,West,TEC-MA-10001972,Technology,Machines,Maxwell Schwartz,Okidata C331dn Printer,837.6,3,0.2,62.82,7.5,MEDIUM PROFIT,2018,8,3,1217,low discount,7,high
CA-2018-128727,29-08-2018,MO-17800,Meg,O'Connel,,Home Office,United States,"New York City,New York",10024,East,TEC-PH-10003442,Technology,Phones,Meg O'Connel,Samsung Replacement EH64AVFWE Premium Headset,22,4,0,5.5,25,MEDIUM PROFIT,2018,8,3,1218,No discount,6,low
CA-2018-144764,02-09-2018,RL-19615,Rob,Lucas,,Consumer,United States,"Chicago,Illinois",60623,Central,TEC-MA-10003230,Technology,Machines,Rob Lucas,Okidata C610n Printer,1362.9,3,0.3,-19.47,-1.428571429,LOSS,2018,9,3,1219,low discount,6,high
CA-2018-142524,04-09-2018,MB-18085,Mick,Brown,,Consumer,United States,"Springfield,Missouri",65807,Central,TEC-AC-10000109,Technology,Accessories,Mick Brown,Sony Micro Vault Click 16 GB USB 2.0 Flash Drive,279.95,5,0,67.188,24,MEDIUM PROFIT,2018,9,3,1220,No discount,4,medium
CA-2018-137673,05-09-2018,ML-17395,Marina,Lichtenstein,,Corporate,United States,"San Diego,California",92105,West,TEC-AC-10002345,Technology,Accessories,Marina Lichtenstein,HP Standard 104 key PS/2 Keyboard,116,8,0,29,25,MEDIUM PROFIT,2018,9,3,1221,No discount,5,medium
CA-2018-155138,08-09-2018,JM-15580,Jill,Matthias,,Consumer,United States,"Monroe,North Carolina",28110,South,TEC-AC-10004209,Technology,Accessories,Jill Matthias,Memorex Froggy Flash Drive 4 GB,35.168,4,0.2,8.3524,23.75,MEDIUM PROFIT,2018,9,3,1222,low discount,4,low
CA-2018-145625,11-09-2018,KC-16540,Kelly,Collister,,Consumer,United States,"San Diego,California",92037,West,TEC-AC-10003832,Technology,Accessories,Kelly Collister,Logitech P710e Mobile Speakerphone,3347.37,13,0,636.0003,19,HIGH PROFIT,2018,9,3,1223,No discount,6,high
CA-2018-102162,11-09-2018,JF-15565,Jill,Fjeld,,Consumer,United States,"Newport News,Virginia",23602,South,TEC-CO-10001943,Technology,Copiers,Jill Fjeld,Canon PC-428 Personal Copier,1599.92,8,0,751.9624,47,HIGH PROFIT,2018,9,3,1224,No discount,5,high
CA-2018-153157,11-09-2018,TB-21625,Trudy,Brown,,Consumer,United States,"Wichita,Kansas",67212,Central,TEC-PH-10003171,Technology,Phones,Trudy Brown,Plantronics Encore H101 Dual Earpieces Headset,224.75,5,0,62.93,28,MEDIUM PROFIT,2018,9,3,1225,No discount,3,medium
CA-2018-151148,12-09-2018,PO-19180,Philisse,Overcash,,Home Office,United States,"Louisville,Colorado",80027,West,TEC-PH-10001870,Technology,Phones,Philisse Overcash,Lunatik TT5L-002 Taktik Strike Impact Protection System for iPhone 5,146.952,3,0.2,9.1845,6.25,MEDIUM PROFIT,2018,9,3,1226,low discount,1,medium
CA-2018-105732,13-09-2018,AG-10270,Alejandro,Grove,,Consumer,United States,"Omaha,Nebraska",68104,Central,TEC-PH-10001644,Technology,Phones,Alejandro Grove,"BlueLounge Milo Smartphone Stand, White/Metallic",149.95,5,0,41.986,28,MEDIUM PROFIT,2018,9,3,1227,No discount,5,medium
CA-2018-134208,17-09-2018,CS-12505,Cindy,Stewart,,Consumer,United States,"Columbus,Georgia",31907,South,TEC-MA-10004458,Technology,Machines,Cindy Stewart,Lexmark X 9575 Professional All-in-One Color Printer,396,4,0,190.08,48,HIGH PROFIT,2018,9,3,1228,No discount,6,medium
CA-2018-159730,17-09-2018,SJ-20125,Sanjit,Jacobs,,Home Office,United States,"Seattle,Washington",98103,West,TEC-PH-10002085,Technology,Phones,Sanjit Jacobs,Clarity 53712,105.584,2,0.2,7.9188,7.5,MEDIUM PROFIT,2018,9,3,1229,low discount,4,medium
CA-2018-118689,02-10-2018,TC-20980,Tamara,Chand,,Corporate,United States,"Lafayette,Indiana",47905,Central,TEC-CO-10004722,Technology,Copiers,Tamara Chand,Canon imageCLASS 2200 Advanced Copier,17499.95,5,0,8399.976,48,HIGH PROFIT,2018,10,4,1230,No discount,7,high
US-2018-140158,04-10-2018,DR-12940,Daniel,Raglin,,Home Office,United States,"Providence,Rhode Island",2908,East,TEC-CO-10001449,Technology,Copiers,Daniel Raglin,Hewlett Packard LaserJet 3310 Copier,5399.91,9,0,2591.9568,48,HIGH PROFIT,2018,10,4,1231,No discount,4,high
CA-2018-118311,24-10-2018,ED-13885,Emily,Ducich,,Home Office,United States,"San Francisco,California",94110,West,TEC-AC-10000892,Technology,Accessories,Emily Ducich,NETGEAR N750 Dual Band Wi-Fi Gigabit Router,450,5,0,162,36,HIGH PROFIT,2018,10,4,1232,No discount,4,medium
CA-2018-159023,03-11-2018,NW-18400,Natalie,Webber,,Consumer,United States,"Portland,Oregon",97206,West,TEC-MA-10003337,Technology,Machines,Natalie Webber,Okidata B401 Printer,179.991,3,0.7,-251.9874,-140,LOSS,2018,11,4,1233,low discount,2,medium
CA-2018-114972,03-11-2018,PF-19225,Phillip,Flathmann,,Consumer,United States,"Los Angeles,California",90032,West,TEC-AC-10000682,Technology,Accessories,Phillip Flathmann,Kensington K72356US Mouse-in-a-Box USB Desktop Mouse,82.95,5,0,29.0325,35,MEDIUM PROFIT,2018,11,4,1234,No discount,3,low
CA-2018-158260,04-11-2018,CC-12475,Cindy,Chapman,,Consumer,United States,"San Diego,California",92037,West,TEC-MA-10003176,Technology,Machines,Cindy Chapman,Okidata B400 Printer,686.4,2,0.2,77.22,11.25,MEDIUM PROFIT,2018,11,4,1235,low discount,4,high
CA-2018-125094,05-11-2018,NP-18700,Nora,Preis,,Consumer,United States,"Seattle,Washington",98105,West,TEC-AC-10004420,Technology,Accessories,Nora Preis,Cherry 142-key Programmable Keyboard,479.72,4,0,52.7692,11,MEDIUM PROFIT,2018,11,4,1236,No discount,4,medium
CA-2018-127761,10-11-2018,SW-20275,Scott,Williamson,,Consumer,United States,"New York City,New York",10009,East,TEC-PH-10003691,Technology,Phones,Scott Williamson,BlackBerry Q10,881.93,7,0,220.4825,25,HIGH PROFIT,2018,11,4,1237,No discount,4,high
US-2018-144547,10-11-2018,MS-17770,Maxwell,Schwartz,,Consumer,United States,"Houston,Texas",77036,Central,TEC-AC-10004901,Technology,Accessories,Maxwell Schwartz,Kensington SlimBlade Notebook Wireless Mouse with Nano Receiver,279.944,7,0.2,48.9902,17.5,MEDIUM PROFIT,2018,11,4,1238,low discount,4,medium
CA-2018-140935,10-11-2018,AB-10015,Aaron,Bergman,,Consumer,United States,"Oklahoma City,Oklahoma",73120,Central,TEC-PH-10000562,Technology,Phones,Aaron Bergman,Samsung Convoy 3,221.98,2,0,62.1544,28,MEDIUM PROFIT,2018,11,4,1239,No discount,2,medium
CA-2018-145177,10-11-2018,PP-18955,Paul,Prost,,Home Office,United States,"Springfield,Ohio",45503,East,TEC-AC-10002550,Technology,Accessories,Paul Prost,"Memorex 25GB 6X Branded Blu-Ray Recordable Disc, 30/Pack",178.92,7,0.2,-29.0745,-16.25,LOSS,2018,11,4,1240,low discount,4,medium
CA-2018-124506,11-11-2018,BB-11545,Brenda,Bowman,,Corporate,United States,"Chicago,Illinois",60623,Central,TEC-AC-10003280,Technology,Accessories,Brenda Bowman,Belkin F8E887 USB Wired Ergonomic Keyboard,95.968,4,0.2,1.1996,1.25,MEDIUM PROFIT,2018,11,4,1241,low discount,6,low
US-2018-113677,13-11-2018,CM-12655,Corinna,Mitchell,,Home Office,United States,"New York City,New York",10011,East,TEC-PH-10002114,Technology,Phones,Corinna Mitchell,Xiaomi Mi3,2279.96,4,0,592.7896,26,HIGH PROFIT,2018,11,4,1242,No discount,6,high
CA-2018-134110,17-11-2018,BG-11035,Barry,Gonzalez,,Consumer,United States,"The Colony,Texas",75056,Central,TEC-PH-10002350,Technology,Phones,Barry Gonzalez,Apple EarPods with Remote and Mic,67.176,3,0.2,6.7176,10,MEDIUM PROFIT,2018,11,4,1243,low discount,1,low
CA-2018-114104,20-11-2018,NP-18670,Nora,Paige,,Consumer,United States,"Edmond,Oklahoma",73034,Central,TEC-PH-10004536,Technology,Phones,Nora Paige,Avaya 5420 Digital phone,944.93,7,0,236.2325,25,HIGH PROFIT,2018,11,4,1244,No discount,4,high
CA-2018-113845,20-11-2018,FA-14230,Frank,Atkinson,,Corporate,United States,"Orlando,Florida",32839,South,TEC-PH-10003357,Technology,Phones,Frank Atkinson,Grandstream GXP2100 Mainstream Business Phone,244.768,4,0.2,24.4768,10,MEDIUM PROFIT,2018,11,4,1245,low discount,5,medium
US-2018-127971,20-11-2018,DW-13195,David,Wiener,,Corporate,United States,"Houston,Texas",77095,Central,TEC-PH-10003095,Technology,Phones,David Wiener,Samsung HM1900 Bluetooth Headset,122.92,7,0.2,46.095,37.5,MEDIUM PROFIT,2018,11,4,1246,low discount,7,medium
CA-2018-140018,21-11-2018,CK-12205,Chloris,Kastensmidt,,Consumer,United States,"Columbus,Ohio",43229,East,TEC-MA-10000752,Technology,Machines,Chloris Kastensmidt,Texas Instrument TI-15 Fraction Calculator,30.345,7,0.7,-24.276,-80,LOSS,2018,11,4,1247,low discount,5,low
CA-2018-160535,25-11-2018,BP-11050,Barry,Pond,,Corporate,United States,"Plainfield,New Jersey",7060,East,TEC-MA-10004255,Technology,Machines,Barry Pond,Konica Minolta magicolor 1690MF Multifunction Printer,319.92,8,0,118.3704,37,HIGH PROFIT,2018,11,4,1248,No discount,5,medium
CA-2018-169838,25-11-2018,BB-11545,Brenda,Bowman,,Corporate,United States,"Jackson,Michigan",49201,Central,TEC-AC-10004518,Technology,Accessories,Brenda Bowman,Memorex Mini Travel Drive 32 GB USB 2.0 Flash Drive,160,8,0,62.4,39,MEDIUM PROFIT,2018,11,4,1249,No discount,4,medium
CA-2018-108196,25-11-2018,CS-12505,Cindy,Stewart,,Consumer,United States,"Lancaster,Ohio",43130,East,TEC-AC-10000926,Technology,Accessories,Cindy Stewart,NETGEAR RangeMax WNR1000 Wireless Router,59.976,3,0.2,11.9952,20,MEDIUM PROFIT,2018,11,4,1250,low discount,7,low
CA-2018-133711,26-11-2018,MC-17425,Mark,Cousins,,Corporate,United States,"Mobile,Alabama",36608,South,TEC-MA-10000010,Technology,Machines,Mark Cousins,Hewlett-Packard Deskjet 3050a All-in-One Color Inkjet Printer,3040,8,0,1459.2,48,HIGH PROFIT,2018,11,4,1251,No discount,3,high
CA-2018-129686,27-11-2018,GG-14650,Greg,Guthrie,,Corporate,United States,"Chicago,Illinois",60623,Central,TEC-AC-10001266,Technology,Accessories,Greg Guthrie,Memorex Micro Travel Drive 8 GB,62.4,6,0.2,19.5,31.25,MEDIUM PROFIT,2018,11,4,1252,low discount,2,low
CA-2018-163167,28-11-2018,RF-19345,Randy,Ferguson,,Corporate,United States,"Marietta,Georgia",30062,South,TEC-AC-10003441,Technology,Accessories,Randy Ferguson,Kingston Digital DataTraveler 32GB USB 2.0,101.7,6,0,6.102,6,MEDIUM PROFIT,2018,11,4,1253,No discount,3,medium
CA-2018-127698,01-12-2018,MV-18190,Mike,Vittorini,,Consumer,United States,"Raleigh,North Carolina",27604,South,TEC-PH-10003811,Technology,Phones,Mike Vittorini,Jabra Supreme Plus Driver Edition Headset,863.928,9,0.2,86.3928,10,MEDIUM PROFIT,2018,12,4,1254,low discount,0,high
CA-2018-113621,01-12-2018,JE-15745,Joel,Eaton,,Consumer,United States,"Rockville,Maryland",20852,East,TEC-PH-10003931,Technology,Phones,Joel Eaton,JBL Micro Wireless Portable Bluetooth Speaker,179.97,3,0,44.9925,25,MEDIUM PROFIT,2018,12,4,1255,No discount,4,medium
CA-2018-163804,02-12-2018,DB-13270,Deborah,Brumfield,,Home Office,United States,"Providence,Rhode Island",2908,East,TEC-PH-10000441,Technology,Phones,Deborah Brumfield,VTech DS6151,629.95,5,0,176.386,28,HIGH PROFIT,2018,12,4,1256,No discount,6,high
CA-2018-153598,03-12-2018,NM-18520,Neoma,Murray,,Consumer,United States,"Los Angeles,California",90045,West,TEC-AC-10003870,Technology,Accessories,Neoma Murray,Logitech Z-906 Speaker sys - home theater - 5.1-CH,1649.95,5,0,659.98,40,HIGH PROFIT,2018,12,4,1257,No discount,3,high
CA-2018-114489,05-12-2018,JE-16165,Justin,Ellison,,Corporate,United States,"Franklin,Wisconsin",53132,Central,TEC-PH-10000215,Technology,Phones,Justin Ellison,Plantronics Cordless Phone Headset with In-line Volume - M214C,384.45,11,0,103.8015,27,HIGH PROFIT,2018,12,4,1258,No discount,4,medium
US-2018-103674,06-12-2018,AP-10720,Anne,Pryor,,Home Office,United States,"Los Angeles,California",90032,West,TEC-PH-10004080,Technology,Phones,Anne Pryor,Avaya 5410 Digital phone,271.96,5,0.2,27.196,10,MEDIUM PROFIT,2018,12,4,1259,low discount,4,medium
CA-2018-117590,08-12-2018,GH-14485,Gene,Hale,,Corporate,United States,"Richardson,Texas",75080,Central,TEC-PH-10004977,Technology,Phones,Gene Hale,GE 30524EE4,1097.544,7,0.2,123.4737,11.25,HIGH PROFIT,2018,12,4,1260,low discount,2,high
CA-2018-105816,11-12-2018,JM-15265,Janet,Molinari,,Corporate,United States,"New York City,New York",10024,East,TEC-PH-10002447,Technology,Phones,Janet Molinari,AT&T CL83451 4-Handset Telephone,1029.95,5,0,298.6855,29,HIGH PROFIT,2018,12,4,1261,No discount,6,high
US-2018-135720,11-12-2018,FM-14380,Fred,McMath,,Consumer,United States,"Aurora,Colorado",80013,West,TEC-AC-10001267,Technology,Accessories,Fred McMath,Imation 32GB Pocket Pro USB 3.0 Flash Drive - 32 GB - Black - 1 P ...,119.8,5,0.2,29.95,25,MEDIUM PROFIT,2018,12,4,1262,low discount,2,medium
CA-2018-139395,12-12-2018,MG-17650,Matthew,Grinstein,,Home Office,United States,"Jackson,Michigan",49201,Central,TEC-PH-10002103,Technology,Phones,Matthew Grinstein,Jabra SPEAK 410,657.93,7,0,184.2204,28,HIGH PROFIT,2018,12,4,1263,No discount,6,high
US-2018-169369,12-12-2018,EC-14050,Erin,Creighton,,Consumer,United States,"Columbus,Georgia",31907,South,TEC-AC-10001314,Technology,Accessories,Erin Creighton,Case Logic 2.4GHz Wireless Keyboard,249.95,5,0,19.996,8,MEDIUM PROFIT,2018,12,4,1264,No discount,6,medium
CA-2018-155446,16-12-2018,TN-21040,Tanja,Norvell,,Home Office,United States,"San Diego,California",92024,West,TEC-AC-10001445,Technology,Accessories,Tanja Norvell,Imation USB 2.0 Swivel Flash Drive USB flash drive - 4 GB - Pink,21.21,7,0,4.4541,21,MEDIUM PROFIT,2018,12,4,1265,No discount,7,low
CA-2018-114867,23-12-2018,FM-14290,Frank,Merwin,,Home Office,United States,"Philadelphia,Pennsylvania",19143,East,TEC-PH-10002645,Technology,Phones,Frank Merwin,LG G2,1499.97,5,0.4,-374.9925,-25,LOSS,2018,12,4,1266,low discount,5,high
US-2018-168620,24-12-2018,RB-19795,Ross,Baird,,Home Office,United States,"Charlotte,North Carolina",28205,South,TEC-AC-10004469,Technology,Accessories,Ross Baird,Microsoft Sculpt Comfort Mouse,255.68,8,0.2,76.704,30,MEDIUM PROFIT,2018,12,4,1267,low discount,4,medium
CA-2019-113481,02-01-2019,AS-10045,Aaron,Smayling,,Corporate,United States,"Jacksonville,North Carolina",28540,South,TEC-MA-10002178,Technology,Machines,Aaron Smayling,Cisco CP-7937G Unified IP Conference Station Phone,695.7,2,0.5,-27.828,-4,LOSS,2019,1,1,1268,low discount,2,high
US-2019-106131,14-01-2019,TP-21565,Tracy,Poddar,,Corporate,United States,"Aurora,Colorado",80013,West,TEC-AC-10003027,Technology,Accessories,Tracy Poddar,Imation 8GB Mini TravelDrive USB 2.0 Flash Drive,169.064,7,0.2,-14.7931,-8.75,LOSS,2019,1,1,1269,low discount,2,medium
CA-2019-138779,14-01-2019,RB-19570,Rob,Beeghly,,Consumer,United States,"Jacksonville,North Carolina",28540,South,TEC-PH-10003655,Technology,Phones,Rob Beeghly,Sannysis Cute Owl Design Soft Skin Case Cover for Samsung Galaxy S4,7.92,5,0.2,0.693,8.75,MEDIUM PROFIT,2019,1,1,1270,low discount,1,low
CA-2019-127432,22-01-2019,AD-10180,Alan,Dominguez,,Home Office,United States,"Great Falls,Montana",59405,West,TEC-CO-10003236,Technology,Copiers,Alan Dominguez,Canon Image Class D660 Copier,2999.95,5,0,1379.977,46,HIGH PROFIT,2019,1,1,1271,No discount,5,high
CA-2019-161893,23-01-2019,HP-14815,Harold,Pawlan,,Home Office,United States,"Tucson,Arizona",85705,West,TEC-AC-10001874,Technology,Accessories,Harold Pawlan,Logitech Wireless Anywhere Mouse MX for PC and Mac,95.984,2,0.2,11.998,12.5,MEDIUM PROFIT,2019,1,1,1272,low discount,4,low
US-2019-104437,27-01-2019,TG-21310,Toby,Gnade,,Consumer,United States,"New York City,New York",10035,East,TEC-PH-10000193,Technology,Phones,Toby Gnade,Jensen SMPS-640 - speaker phone,137.94,3,0,35.8644,26,MEDIUM PROFIT,2019,1,1,1273,No discount,4,medium
US-2019-166037,28-01-2019,CL-12700,Craig,Leslie,,Home Office,United States,"New York City,New York",10009,East,TEC-AC-10002800,Technology,Accessories,Craig Leslie,Plantronics Audio 478 Stereo USB Headset,449.91,9,0,157.4685,35,HIGH PROFIT,2019,1,1,1274,No discount,4,medium
CA-2019-121790,30-01-2019,LP-17095,Liz,Preis,,Consumer,United States,"Aurora,Illinois",60505,Central,TEC-PH-10002584,Technology,Phones,Liz Preis,Samsung Galaxy S4,2003.168,4,0.2,250.396,12.5,HIGH PROFIT,2019,1,1,1275,low discount,7,high
CA-2019-157273,30-01-2019,SZ-20035,Sam,Zeldin,,Home Office,United States,"Seattle,Washington",98105,West,TEC-PH-10002275,Technology,Phones,Sam Zeldin,Mitel 5320 IP Phone VoIP phone,604.768,4,0.2,60.4768,10,MEDIUM PROFIT,2019,1,1,1276,low discount,3,high
CA-2019-128076,02-02-2019,BO-11350,Bill,Overfelt,,Corporate,United States,"San Diego,California",92105,West,TEC-MA-10002109,Technology,Machines,Bill Overfelt,"HP Officejet Pro 8600 e-All-In-One Printer, Copier, Scanner, Fax",239.984,2,0.2,38.9974,16.25,MEDIUM PROFIT,2019,2,1,1277,low discount,5,medium
US-2019-101840,06-02-2019,SP-20545,Sibella,Parks,,Corporate,United States,"New York City,New York",10024,East,TEC-PH-10002538,Technology,Phones,Sibella Parks,Grandstream GXP1160 VoIP phone,227.46,6,0,65.9634,29,MEDIUM PROFIT,2019,2,1,1278,No discount,6,medium
CA-2019-117212,26-02-2019,BT-11530,Bradley,Talbott,,Home Office,United States,"Los Angeles,California",90036,West,TEC-PH-10004447,Technology,Phones,Bradley Talbott,Toshiba IPT2010-SD IP Telephone,889.536,8,0.2,66.7152,7.5,MEDIUM PROFIT,2019,2,1,1279,low discount,2,high
CA-2019-163902,02-03-2019,MY-17380,Maribeth,Yedwab,,Corporate,United States,"Los Angeles,California",90045,West,TEC-AC-10000580,Technology,Accessories,Maribeth Yedwab,Logitech G13 Programmable Gameboard with LCD Display,479.94,6,0,52.7934,11,MEDIUM PROFIT,2019,3,1,1280,No discount,6,medium
CA-2019-123085,03-03-2019,EJ-13720,Ed,Jacobs,,Consumer,United States,"Los Angeles,California",90008,West,TEC-AC-10000990,Technology,Accessories,Ed Jacobs,Imation Bio 2GB USB Flash Drive Imation Corp,1049.44,8,0,440.7648,42,HIGH PROFIT,2019,3,1,1281,No discount,5,high
CA-2019-159352,12-03-2019,KB-16585,Ken,Black,,Corporate,United States,"Lowell,Massachusetts",1852,East,TEC-PH-10004700,Technology,Phones,Ken Black,PowerGen Dual USB Car Charger,69.93,7,0,32.1678,46,MEDIUM PROFIT,2019,3,1,1282,No discount,5,low
CA-2019-106859,13-03-2019,BF-11215,Benjamin,Farhat,,Home Office,United States,"Albuquerque,New Mexico",87105,West,TEC-AC-10004001,Technology,Accessories,Benjamin Farhat,Logitech Wireless Headset H600 Over-The-Head Design,214.95,5,0,88.1295,41,MEDIUM PROFIT,2019,3,1,1283,No discount,5,medium
CA-2019-114370,14-03-2019,BN-11470,Brad,Norvell,,Corporate,United States,"Chicago,Illinois",60623,Central,TEC-PH-10000213,Technology,Phones,Brad Norvell,Seidio BD2-HK3IPH5-BK DILEX Case and Holster Combo for Apple iPhone 5/5s - Black,49.616,2,0.2,4.9616,10,MEDIUM PROFIT,2019,3,1,1284,low discount,3,low
CA-2019-140949,17-03-2019,DB-13405,Denny,Blanton,,Consumer,United States,"New York City,New York",10011,East,TEC-AC-10003038,Technology,Accessories,Denny Blanton,Kingston Digital DataTraveler 16GB USB 2.0,71.6,8,0,13.604,19,MEDIUM PROFIT,2019,3,1,1285,No discount,5,low
CA-2019-165491,20-03-2019,HW-14935,Helen,Wasserman,,Corporate,United States,"Seattle,Washington",98115,West,TEC-AC-10000358,Technology,Accessories,Helen Wasserman,Imation Secure Drive + Hardware Encrypted USB flash drive - 16 GB,265.93,7,0,63.8232,24,MEDIUM PROFIT,2019,3,1,1286,No discount,4,medium
CA-2019-113705,27-03-2019,LC-16870,Lena,Cacioppo,,Consumer,United States,"Richmond,Virginia",23223,South,TEC-PH-10004006,Technology,Phones,Lena Cacioppo,Panasonic KX - TS880B Telephone,206.1,5,0,55.647,27,MEDIUM PROFIT,2019,3,1,1287,No discount,2,medium
US-2019-159205,31-03-2019,DB-12910,Daniel,Byrd,,Home Office,United States,"Henderson,Kentucky",42420,South,TEC-PH-10000526,Technology,Phones,Daniel Byrd,Vtech CS6719,671.93,7,0,188.1404,28,HIGH PROFIT,2019,3,1,1288,No discount,2,high
CA-2019-102771,31-03-2019,DO-13435,Denny,Ordway,,Consumer,United States,"New York City,New York",10035,East,TEC-PH-10001536,Technology,Phones,Denny Ordway,Spigen Samsung Galaxy S5 Case Wallet,84.95,5,0,22.087,26,MEDIUM PROFIT,2019,3,1,1289,No discount,5,low
CA-2019-149881,01-04-2019,NC-18535,Nick,Crebassa,,Corporate,United States,"San Francisco,California",94110,West,TEC-MA-10000418,Technology,Machines,Nick Crebassa,Cubify CubeX 3D Printer Double Head Print,4799.984,2,0.2,359.9988,7.5,HIGH PROFIT,2019,4,2,1290,low discount,2,high
CA-2019-128965,17-04-2019,PS-18760,Pamela,Stobb,,Consumer,United States,"Los Angeles,California",90008,West,TEC-AC-10001383,Technology,Accessories,Pamela Stobb,Logitech Wireless Touch Keyboard K400,274.89,11,0,46.7313,17,MEDIUM PROFIT,2019,4,2,1291,No discount,5,medium
CA-2019-140802,21-04-2019,KN-16390,Katherine,Nockton,,Corporate,United States,"Houston,Texas",77070,Central,TEC-AC-10001998,Technology,Accessories,Katherine Nockton,Logitech LS21 Speaker System - PC Multimedia - 2.1-CH - Wired,47.976,3,0.2,8.3958,17.5,MEDIUM PROFIT,2019,4,2,1292,low discount,2,low
CA-2019-116953,24-04-2019,SV-20935,Susan,Vittorini,,Consumer,United States,"Mesa,Arizona",85204,West,TEC-PH-10004614,Technology,Phones,Susan Vittorini,AT&T 841000 Phone,552,10,0.2,34.5,6.25,MEDIUM PROFIT,2019,4,2,1293,low discount,1,high
CA-2019-133865,08-05-2019,PS-19045,Penelope,Sewall,,Home Office,United States,"Los Angeles,California",90032,West,TEC-CO-10001046,Technology,Copiers,Penelope Sewall,Canon Imageclass D680 Copier / Fax,3359.952,6,0.2,1049.985,31.25,HIGH PROFIT,2019,5,2,1294,low discount,4,high
CA-2019-143686,14-05-2019,PJ-19015,Pauline,Johnson,,Consumer,United States,"Santa Ana,California",92704,West,TEC-AC-10001838,Technology,Accessories,Pauline Johnson,Razer Tiamat Over Ear 7.1 Surround Sound PC Gaming Headset,1399.93,7,0,601.9699,43,HIGH PROFIT,2019,5,2,1295,No discount,0,high
CA-2019-112865,18-05-2019,BH-11710,Brosina,Hoffman,,Consumer,United States,"Philadelphia,Pennsylvania",19140,East,TEC-AC-10000387,Technology,Accessories,Brosina Hoffman,KeyTronic KT800P2 - Keyboard - Black,36.048,3,0.2,-0.9012,-2.5,LOSS,2019,5,2,1296,low discount,4,low
US-2019-166688,20-05-2019,RD-19480,Rick,Duston,,Consumer,United States,"Las Vegas,Nevada",89115,West,TEC-PH-10004094,Technology,Phones,Rick Duston,Motorola L703CM,1123.128,9,0.2,70.1955,6.25,MEDIUM PROFIT,2019,5,2,1297,low discount,6,high
CA-2019-153080,22-05-2019,EH-13945,Eric,Hoffmann,,Consumer,United States,"Los Angeles,California",90008,West,TEC-AC-10002331,Technology,Accessories,Eric Hoffmann,"Maxell 74 Minute CDR, 10/Pack",68.46,7,0,25.3302,37,MEDIUM PROFIT,2019,5,2,1298,No discount,3,low
CA-2019-120168,25-05-2019,TB-21625,Trudy,Brown,,Consumer,United States,"New York City,New York",10009,East,TEC-AC-10002167,Technology,Accessories,Trudy Brown,Imation 8gb Micro Traveldrive Usb 2.0 Flash Drive,120,8,0,13.2,11,MEDIUM PROFIT,2019,5,2,1299,No discount,0,medium
CA-2019-151855,27-05-2019,BW-11110,Bart,Watters,,Corporate,United States,"Greensboro,North Carolina",27405,South,TEC-AC-10002380,Technology,Accessories,Bart Watters,Sony 8GB Class 10 Micro SDHC R40 Memory Card,27.192,3,0.2,0.3399,1.25,MEDIUM PROFIT,2019,5,2,1300,low discount,7,low
CA-2019-150420,03-06-2019,GD-14590,Giulietta,Dortch,,Corporate,United States,"Bellingham,Washington",98226,West,TEC-AC-10004975,Technology,Accessories,Giulietta Dortch,Plantronics Audio 995 Wireless Stereo Headset,1099.5,10,0,362.835,33,HIGH PROFIT,2019,6,2,1301,No discount,5,high
CA-2019-113908,03-06-2019,KN-16390,Katherine,Nockton,,Corporate,United States,"New York City,New York",10011,East,TEC-MA-10003173,Technology,Machines,Katherine Nockton,Hewlett-Packard 300S Scientific Calculator,78.66,6,0,36.1836,46,MEDIUM PROFIT,2019,6,2,1302,No discount,6,low
CA-2019-126788,05-06-2019,AB-10105,Adrian,Barton,,Consumer,United States,"Pearland,Texas",77581,Central,TEC-PH-10001619,Technology,Phones,Adrian Barton,LG G3,470.376,3,0.2,52.9173,11.25,MEDIUM PROFIT,2019,6,2,1303,low discount,1,medium
CA-2019-140963,10-06-2019,MT-18070,Michelle,Tran,,Home Office,United States,"Los Angeles,California",90045,West,TEC-PH-10001924,Technology,Phones,Michelle Tran,iHome FM Clock Radio with Lightning Dock,279.96,5,0.2,17.4975,6.25,MEDIUM PROFIT,2019,6,2,1304,low discount,3,medium
CA-2019-134565,11-06-2019,TB-21400,Tom,Boeckenhauer,,Consumer,United States,"Seattle,Washington",98103,West,TEC-MA-10001570,Technology,Machines,Tom Boeckenhauer,Cisco Desktop Collaboration Experience DX650 IP Video Phone,385.8,5,0.2,130.2075,33.75,HIGH PROFIT,2019,6,2,1305,low discount,2,medium
CA-2019-119284,15-06-2019,TS-21205,Thomas,Seio,,Corporate,United States,"Nashville,Tennessee",37211,South,TEC-PH-10000560,Technology,Phones,Thomas Seio,Samsung Galaxy S III - 16GB - pebble blue (T-Mobile),2239.936,8,0.2,223.9936,10,HIGH PROFIT,2019,6,2,1306,low discount,5,high
CA-2019-111269,16-06-2019,CS-12355,Christine,Sundaresam,,Consumer,United States,"Dublin,Ohio",43017,East,TEC-AC-10001606,Technology,Accessories,Christine Sundaresam,Logitech Wireless Performance Mouse MX for PC and Mac,479.952,6,0.2,107.9892,22.5,HIGH PROFIT,2019,6,2,1307,low discount,2,medium
CA-2019-128944,19-06-2019,KH-16330,Katharine,Harms,,Corporate,United States,"Newark,Ohio",43055,East,TEC-AC-10001553,Technology,Accessories,Katharine Harms,"Memorex 25GB 6X Branded Blu-Ray Recordable Disc, 15/Pack",122.328,9,0.2,1.5291,1.25,MEDIUM PROFIT,2019,6,2,1308,low discount,2,medium
CA-2019-140844,19-06-2019,AR-10405,Allen,Rosenblatt,,Corporate,United States,"New York City,New York",10035,East,TEC-AC-10001101,Technology,Accessories,Allen Rosenblatt,Sony 16GB Class 10 Micro SDHC R40 Memory Card,103.12,8,0,10.312,10,MEDIUM PROFIT,2019,6,2,1309,No discount,4,medium
CA-2019-161410,26-06-2019,CC-12220,Chris,Cortes,,Consumer,United States,"Philadelphia,Pennsylvania",19143,East,TEC-PH-10000673,Technology,Phones,Chris Cortes,Plantronics Voyager Pro HD - Bluetooth Headset,545.916,14,0.4,72.7888,13.33333333,MEDIUM PROFIT,2019,6,2,1310,low discount,7,high
CA-2019-133256,26-06-2019,TH-21550,Tracy,Hopkins,,Home Office,United States,"Detroit,Michigan",48227,Central,TEC-PH-10002660,Technology,Phones,Tracy Hopkins,Nortel Networks T7316 E Nt8 B27,543.92,8,0,135.98,25,HIGH PROFIT,2019,6,2,1311,No discount,1,high
CA-2019-121503,03-07-2019,FH-14275,Frank,Hawley,,Corporate,United States,"Houston,Texas",77041,Central,TEC-MA-10003674,Technology,Machines,Frank Hawley,Hewlett-Packard Deskjet 5550 Printer,597.132,3,0.4,49.761,8.333333333,MEDIUM PROFIT,2019,7,3,1312,low discount,3,high
US-2019-129777,03-07-2019,FM-14290,Frank,Merwin,,Home Office,United States,"Quincy,Massachusetts",2169,East,TEC-AC-10003590,Technology,Accessories,Frank Merwin,"TRENDnet 56K USB 2.0 Phone, Internet and Fax Modem",258.9,10,0,93.204,36,MEDIUM PROFIT,2019,7,3,1313,No discount,6,medium
CA-2019-104388,05-07-2019,DK-12835,Damala,Kotsonis,,Corporate,United States,"Fremont,Nebraska",68025,Central,TEC-PH-10002293,Technology,Phones,Damala Kotsonis,Anker 36W 4-Port USB Wall Charger Travel Power Adapter for iPhone 5s 5c 5,79.96,4,0,22.3888,28,MEDIUM PROFIT,2019,7,3,1314,No discount,2,low
CA-2019-136623,11-07-2019,TS-21430,Tom,Stivers,,Corporate,United States,"San Diego,California",92105,West,TEC-PH-10000004,Technology,Phones,Tom Stivers,Belkin iPhone and iPad Lightning Cable,71.952,6,0.2,5.3964,7.5,MEDIUM PROFIT,2019,7,3,1315,low discount,5,low
CA-2019-118724,21-07-2019,AR-10825,Anthony,Rawles,,Corporate,United States,"Concord,California",94521,West,TEC-PH-10002549,Technology,Phones,Anthony Rawles,Polycom SoundPoint IP 450 VoIP phone,1626.192,9,0.2,121.9644,7.5,HIGH PROFIT,2019,7,3,1316,low discount,4,high
US-2019-160465,21-07-2019,SW-20350,Sean,Wendt,,Home Office,United States,"Cleveland,Ohio",44105,East,TEC-PH-10004522,Technology,Phones,Sean Wendt,Dexim XPower Skin Super-Thin Power Case for iPhone 5 - Black,210.564,6,0.4,-52.641,-25,LOSS,2019,7,3,1317,low discount,5,medium
US-2019-158505,21-07-2019,SF-20200,Sarah,Foster,,Consumer,United States,"Murray,Utah",84107,West,TEC-PH-10004071,Technology,Phones,Sarah Foster,PayAnywhere Card Reader,71.928,9,0.2,6.2937,8.75,MEDIUM PROFIT,2019,7,3,1318,low discount,0,low
CA-2019-118346,23-07-2019,PO-19180,Philisse,Overcash,,Home Office,United States,"Kenosha,Wisconsin",53142,Central,TEC-AC-10000736,Technology,Accessories,Philisse Overcash,Logitech G600 MMO Gaming Mouse,399.95,5,0,143.982,36,HIGH PROFIT,2019,7,3,1319,No discount,1,medium
CA-2019-133046,27-07-2019,DK-13375,Dennis,Kane,,Consumer,United States,"Seattle,Washington",98115,West,TEC-AC-10000991,Technology,Accessories,Dennis Kane,Sony Micro Vault Click 8 GB USB 2.0 Flash Drive,234.95,5,0,32.893,14,MEDIUM PROFIT,2019,7,3,1320,No discount,5,medium
CA-2019-141103,30-07-2019,JF-15355,Jay,Fein,,Consumer,United States,"Baltimore,Maryland",21215,East,TEC-PH-10003589,Technology,Phones,Jay Fein,invisibleSHIELD by ZAGG Smudge-Free Screen Protector,89.95,5,0,43.176,48,MEDIUM PROFIT,2019,7,3,1321,No discount,7,low
CA-2019-151981,06-08-2019,GM-14455,Gary,Mitchum,,Home Office,United States,"Concord,New Hampshire",3301,East,TEC-PH-10003601,Technology,Phones,Gary Mitchum,"Ativa D5772 2-Line 5.8GHz Digital Expandable Corded/Cordless Phone System with Answering & Caller ID/Call Waiting, Black/Silver",824.95,5,0,247.485,30,HIGH PROFIT,2019,8,3,1322,No discount,6,high
CA-2019-143063,10-08-2019,IL-15100,Ivan,Liston,,Consumer,United States,"Columbus,Indiana",47201,Central,TEC-PH-10003645,Technology,Phones,Ivan Liston,Aastra 57i VoIP phone,1454.49,9,0,378.1674,26,HIGH PROFIT,2019,8,3,1323,No discount,5,high
CA-2019-152310,12-08-2019,DK-12895,Dana,Kaydos,,Consumer,United States,"Seattle,Washington",98103,West,TEC-AC-10000397,Technology,Accessories,Dana Kaydos,"Perixx PERIBOARD-512B, Ergonomic Split Keyboard",174.95,5,0,12.2465,7,MEDIUM PROFIT,2019,8,3,1324,No discount,7,medium
CA-2019-121027,18-08-2019,HW-14935,Helen,Wasserman,,Corporate,United States,"Seattle,Washington",98105,West,TEC-AC-10002253,Technology,Accessories,Helen Wasserman,Imation Bio 8GB USB Flash Drive Imation Corp,1496.16,9,0,224.424,15,HIGH PROFIT,2019,8,3,1325,No discount,4,high
CA-2019-129021,23-08-2019,PO-18850,Patrick,O'Brill,,Consumer,United States,"Tallahassee,Florida",32303,South,TEC-PH-10001459,Technology,Phones,Patrick O'Brill,Samsung Galaxy Mega 6.3,4367.896,13,0.2,327.5922,7.5,HIGH PROFIT,2019,8,3,1326,low discount,3,high
CA-2019-130036,27-08-2019,BP-11185,Ben,Peterman,,Corporate,United States,"Philadelphia,Pennsylvania",19120,East,TEC-AC-10001908,Technology,Accessories,Ben Peterman,Logitech Wireless Headset h800,1119.888,14,0.2,209.979,18.75,HIGH PROFIT,2019,8,3,1327,low discount,0,high
CA-2019-161956,27-08-2019,DR-12880,Dan,Reichenbach,,Corporate,United States,"Inglewood,California",90301,West,TEC-CO-10001571,Technology,Copiers,Dan Reichenbach,Sharp 1540cs Digital Laser Copier,879.984,2,0.2,329.994,37.5,HIGH PROFIT,2019,8,3,1328,low discount,2,high
CA-2019-126067,28-08-2019,KN-16705,Kristina,Nunn,,Home Office,United States,"Seattle,Washington",98105,West,TEC-PH-10000912,Technology,Phones,Kristina Nunn,Anker 24W Portable Micro USB Car Charger,35.168,4,0.2,11.4296,32.5,MEDIUM PROFIT,2019,8,3,1329,low discount,6,low
CA-2019-137596,02-09-2019,BE-11335,Bill,Eplett,,Home Office,United States,"Jackson,Michigan",49201,Central,TEC-AC-10004666,Technology,Accessories,Bill Eplett,Maxell iVDR EX 500GB Cartridge,1928.78,7,0,829.3754,43,HIGH PROFIT,2019,9,3,1330,No discount,5,high
CA-2019-120761,04-09-2019,AB-10150,Aimee,Bixby,,Consumer,United States,"Long Beach,New York",11561,East,TEC-AC-10000171,Technology,Accessories,Aimee Bixby,"Verbatim 25 GB 6x Blu-ray Single Layer Recordable Disc, 25/Pack",91.96,4,0,39.5428,43,MEDIUM PROFIT,2019,9,3,1331,No discount,4,low
CA-2019-117394,04-09-2019,MM-17920,Michael,Moore,,Consumer,United States,"Philadelphia,Pennsylvania",19120,East,TEC-AC-10000199,Technology,Accessories,Michael Moore,Kingston Digital DataTraveler 8GB USB 2.0,19.04,4,0.2,-1.428,-7.5,LOSS,2019,9,3,1332,low discount,6,low
CA-2019-151008,07-09-2019,JM-16195,Justin,MacKendrick,,Consumer,United States,"Draper,Utah",84020,West,TEC-PH-10002807,Technology,Phones,Justin MacKendrick,Motorla HX550 Universal Bluetooth Headset,126.56,4,0.2,47.46,37.5,MEDIUM PROFIT,2019,9,3,1333,low discount,1,medium
CA-2019-152856,08-09-2019,RS-19765,Roland,Schwarz,,Corporate,United States,"Marion,Ohio",43302,East,TEC-AC-10004864,Technology,Accessories,Roland Schwarz,Memorex Micro Travel Drive 32 GB,116.832,4,0.2,33.5892,28.75,MEDIUM PROFIT,2019,9,3,1334,low discount,2,medium
CA-2019-110905,10-09-2019,RW-19690,Robert,Waldorf,,Consumer,United States,"Springfield,Missouri",65807,Central,TEC-AC-10003023,Technology,Accessories,Robert Waldorf,Logitech G105 Gaming Keyboard,296.85,5,0,53.433,18,MEDIUM PROFIT,2019,9,3,1335,No discount,5,medium
CA-2019-120999,10-09-2019,LC-16930,Linda,Cazamias,,Corporate,United States,"Naperville,Illinois",60540,Central,TEC-PH-10004093,Technology,Phones,Linda Cazamias,Panasonic Kx-TS550,147.168,4,0.2,16.5564,11.25,MEDIUM PROFIT,2019,9,3,1336,low discount,5,medium
US-2019-142188,11-09-2019,JF-15415,Jennifer,Ferguson,,Consumer,United States,"Seattle,Washington",98105,West,TEC-PH-10000127,Technology,Phones,Jennifer Ferguson,iOttie XL Car Mount,79.96,5,0.2,-17.991,-22.5,LOSS,2019,9,3,1337,low discount,0,low
CA-2019-130302,14-09-2019,CY-12745,Craig,Yedwab,,Corporate,United States,"Springfield,Ohio",45503,East,TEC-AC-10002001,Technology,Accessories,Craig Yedwab,Logitech Wireless Gaming Headset G930,895.944,7,0.2,190.3881,21.25,HIGH PROFIT,2019,9,3,1338,low discount,5,high
CA-2019-124205,15-09-2019,TC-21145,Theresa,Coyne,,Corporate,United States,"Lakewood,New Jersey",8701,East,TEC-PH-10002115,Technology,Phones,Theresa Coyne,Plantronics 81402,395.94,6,0,102.9444,26,HIGH PROFIT,2019,9,3,1339,No discount,4,medium
US-2019-163300,15-09-2019,ES-14020,Erica,Smith,,Consumer,United States,"Los Angeles,California",90049,West,TEC-PH-10001700,Technology,Phones,Erica Smith,Panasonic KX-TG6844B Expandable Digital Cordless Telephone,369.544,7,0.2,32.3351,8.75,MEDIUM PROFIT,2019,9,3,1340,low discount,6,medium
CA-2019-139822,15-09-2019,Dp-13240,Dean,percer,,Home Office,United States,"Waterbury,Connecticut",6708,East,TEC-AC-10001090,Technology,Accessories,Dean percer,Micro Innovations Wireless Classic Keyboard with Mouse,59.98,2,0,10.7964,18,MEDIUM PROFIT,2019,9,3,1341,No discount,6,low
CA-2019-105669,17-09-2019,SJ-20125,Sanjit,Jacobs,,Home Office,United States,"Houston,Texas",77036,Central,TEC-PH-10002415,Technology,Phones,Sanjit Jacobs,Polycom VoiceStation 500 Conference phone,1415.76,6,0.2,88.485,6.25,MEDIUM PROFIT,2019,9,3,1342,low discount,5,high
CA-2019-126928,17-09-2019,GZ-14470,Gary,Zandusky,,Consumer,United States,"Morristown,New Jersey",7960,East,TEC-MA-10004626,Technology,Machines,Gary Zandusky,Lexmark 20R1285 X6650 Wireless All-in-One Printer,480,4,0,225.6,47,HIGH PROFIT,2019,9,3,1343,No discount,6,medium
CA-2019-166856,18-09-2019,TS-21505,Tony,Sayre,,Consumer,United States,"Clovis,New Mexico",88101,West,TEC-AC-10004992,Technology,Accessories,Tony Sayre,Kingston Digital DataTraveler 64GB USB 2.0,101.34,3,0,8.1072,8,MEDIUM PROFIT,2019,9,3,1344,No discount,4,medium
CA-2019-102974,19-09-2019,DP-13105,Dave,Poirier,,Corporate,United States,"Los Angeles,California",90032,West,TEC-AC-10000057,Technology,Accessories,Dave Poirier,Microsoft Natural Ergonomic Keyboard 4000,149.95,5,0,31.4895,21,MEDIUM PROFIT,2019,9,3,1345,No discount,5,medium
CA-2019-100111,20-09-2019,SV-20365,Seth,Vernon,,Consumer,United States,"New York City,New York",10035,East,TEC-AC-10002647,Technology,Accessories,Seth Vernon,"Logitech Wireless Boombox Speaker - portable - wireless, wired",212.8,2,0,95.76,45,MEDIUM PROFIT,2019,9,3,1346,No discount,6,medium
CA-2019-162789,22-09-2019,LC-17140,Logan,Currie,,Consumer,United States,"New York City,New York",10035,East,TEC-AC-10002842,Technology,Accessories,Logan Currie,WD My Passport Ultra 2TB Portable External Hard Drive,1071,9,0,171.36,16,HIGH PROFIT,2019,9,3,1347,No discount,2,high
CA-2019-122364,24-09-2019,FA-14230,Frank,Atkinson,,Corporate,United States,"Los Angeles,California",90008,West,TEC-MA-10001031,Technology,Machines,Frank Atkinson,Socket Bluetooth Cordless Hand Scanner (CHS),506.28,3,0.2,177.198,35,HIGH PROFIT,2019,9,3,1348,low discount,5,high
CA-2019-100314,29-09-2019,AS-10630,Ann,Steele,,Home Office,United States,"Pasadena,Texas",77506,Central,TEC-MA-10003066,Technology,Machines,Ann Steele,Wasp CCD Handheld Bar Code Reader,336.51,3,0.4,44.868,13.33333333,MEDIUM PROFIT,2019,9,3,1349,low discount,6,medium
CA-2019-113418,01-10-2019,CM-12655,Corinna,Mitchell,,Home Office,United States,"New York City,New York",10035,East,TEC-MA-10002428,Technology,Machines,Corinna Mitchell,Fellowes Powershred HS-440 4-Sheet High Security Shredder,1704.89,11,0,767.2005,45,HIGH PROFIT,2019,10,4,1350,No discount,2,high
US-2019-139577,01-10-2019,TN-21040,Tanja,Norvell,,Home Office,United States,"San Francisco,California",94110,West,TEC-AC-10004708,Technology,Accessories,Tanja Norvell,Sony 32GB Class 10 Micro SDHC R40 Memory Card,104.75,5,0,21.9975,21,MEDIUM PROFIT,2019,10,4,1351,No discount,5,medium
CA-2019-137414,02-10-2019,CM-12115,Chad,McGuire,,Consumer,United States,"San Francisco,California",94109,West,TEC-MA-10002930,Technology,Machines,Chad McGuire,Ricoh - Ink Collector Unit for GX3000 Series Printers,369.16,11,0.2,32.3015,8.75,MEDIUM PROFIT,2019,10,4,1352,low discount,4,medium
US-2019-103247,05-10-2019,PO-19195,Phillina,Ober,,Home Office,United States,"New York City,New York",10011,East,TEC-PH-10003555,Technology,Phones,Phillina Ober,Motorola HK250 Universal Bluetooth Headset,160.93,7,0,3.2186,2,MEDIUM PROFIT,2019,10,4,1353,No discount,3,medium
CA-2019-112431,12-10-2019,RW-19690,Robert,Waldorf,,Consumer,United States,"Los Angeles,California",90049,West,TEC-AC-10001465,Technology,Accessories,Robert Waldorf,SanDisk Cruzer 64 GB USB Flash Drive,435.84,12,0,130.752,30,HIGH PROFIT,2019,10,4,1354,No discount,2,medium
CA-2019-135909,13-10-2019,JW-15220,Jane,Waco,,Corporate,United States,"Sacramento,California",95823,West,TEC-AC-10002335,Technology,Accessories,Jane Waco,Logitech Media Keyboard K200,209.94,6,0,39.8886,19,MEDIUM PROFIT,2019,10,4,1355,No discount,7,medium
CA-2019-151183,14-10-2019,BK-11260,Berenike,Kampe,,Consumer,United States,"San Francisco,California",94110,West,TEC-AC-10003614,Technology,Accessories,Berenike Kampe,"Verbatim 25 GB 6x Blu-ray Single Layer Recordable Disc, 10/Pack",46.36,4,0,15.2988,33,MEDIUM PROFIT,2019,10,4,1356,No discount,5,low
CA-2019-159457,19-10-2019,RD-19480,Rick,Duston,,Consumer,United States,"Houston,Texas",77095,Central,TEC-PH-10002185,Technology,Phones,Rick Duston,QVS USB Car Charger 2-Port 2.1Amp for iPod/iPhone/iPad/iPad 2/iPad 3,16.68,3,0.2,5.2125,31.25,MEDIUM PROFIT,2019,10,4,1357,low discount,7,low
CA-2019-145884,21-10-2019,SL-20155,Sara,Luxemburg,,Home Office,United States,"Muskogee,Oklahoma",74403,Central,TEC-PH-10000895,Technology,Phones,Sara Luxemburg,Polycom VVX 310 VoIP phone,1439.92,8,0,374.3792,26,HIGH PROFIT,2019,10,4,1358,No discount,0,high
CA-2019-152807,30-10-2019,MC-18100,Mick,Crebagga,,Consumer,United States,"Philadelphia,Pennsylvania",19140,East,TEC-AC-10001142,Technology,Accessories,Mick Crebagga,First Data FD10 PIN Pad,442.4,7,0.2,-55.3,-12.5,LOSS,2019,10,4,1359,low discount,4,medium
CA-2019-143567,02-11-2019,TB-21175,Thomas,Boland,,Corporate,United States,"Henderson,Kentucky",42420,South,TEC-AC-10004145,Technology,Accessories,Thomas Boland,Logitech diNovo Edge Keyboard,2249.91,9,0,517.4793,23,HIGH PROFIT,2019,11,4,1360,No discount,3,high
US-2019-168116,04-11-2019,GT-14635,Grant,Thornton,,Corporate,United States,"Burlington,North Carolina",27217,South,TEC-MA-10004125,Technology,Machines,Grant Thornton,Cubify CubeX 3D Printer Triple Head Print,7999.98,4,0.5,-3839.9904,-48,LOSS,2019,11,4,1361,low discount,0,high
CA-2019-147760,04-11-2019,KL-16555,Kelly,Lampkin,,Corporate,United States,"Greensboro,North Carolina",27405,South,TEC-PH-10002483,Technology,Phones,Kelly Lampkin,Motorola Moto X,1359.96,5,0.2,118.9965,8.75,HIGH PROFIT,2019,11,4,1362,low discount,1,high
CA-2019-102610,04-11-2019,CA-12265,Christina,Anderson,,Consumer,United States,"Chattanooga,Tennessee",37421,South,TEC-AC-10000303,Technology,Accessories,Christina Anderson,Logitech M510 Wireless Mouse,95.976,3,0.2,15.5961,16.25,MEDIUM PROFIT,2019,11,4,1363,low discount,4,low
CA-2019-113572,07-11-2019,FP-14320,Frank,Preis,,Consumer,United States,"New York City,New York",10024,East,TEC-AC-10002370,Technology,Accessories,Frank Preis,Maxell CD-R Discs,7.88,4,0,2.5216,32,MEDIUM PROFIT,2019,11,4,1364,No discount,4,low
CA-2019-159156,13-11-2019,KB-16600,Ken,Brennan,,Corporate,United States,"New York City,New York",10009,East,TEC-PH-10004389,Technology,Phones,Ken Brennan,Nokia Lumia 925,629.95,5,0,163.787,26,HIGH PROFIT,2019,11,4,1365,No discount,3,high
US-2019-102904,13-11-2019,CB-12025,Cassandra,Brandow,,Consumer,United States,"Decatur,Alabama",35601,South,TEC-AC-10000927,Technology,Accessories,Cassandra Brandow,Anker Ultrathin Bluetooth Wireless Keyboard Aluminum Cover with Stand,239.92,8,0,23.992,10,MEDIUM PROFIT,2019,11,4,1366,No discount,7,medium
US-2019-136679,14-11-2019,XP-21865,Xylona,Preis,,Consumer,United States,"Pasadena,Texas",77506,Central,TEC-AC-10004855,Technology,Accessories,Xylona Preis,V7 USB Numeric Keypad,167.952,6,0.2,-27.2922,-16.25,LOSS,2019,11,4,1367,low discount,4,medium
US-2019-118598,16-11-2019,CM-12190,Charlotte,Melton,,Consumer,United States,"Utica,New York",13501,East,TEC-PH-10002583,Technology,Phones,Charlotte Melton,iOttie HLCRIO102 Car Mount,119.94,6,0,5.997,5,MEDIUM PROFIT,2019,11,4,1368,No discount,0,medium
CA-2019-141719,17-11-2019,EG-13900,Emily,Grady,,Consumer,United States,"Naperville,Illinois",60540,Central,TEC-AC-10003610,Technology,Accessories,Emily Grady,Logitech Illuminated - Keyboard,239.96,5,0.2,83.986,35,MEDIUM PROFIT,2019,11,4,1369,low discount,4,medium
CA-2019-104913,18-11-2019,DK-13090,Dave,Kipp,,Consumer,United States,"Long Beach,New York",11561,East,TEC-PH-10000923,Technology,Phones,Dave Kipp,"Belkin SportFit Armband For iPhone 5s/5c, Fuchsia",74.95,5,0,36.7255,49,MEDIUM PROFIT,2019,11,4,1370,No discount,4,low
CA-2019-120404,20-11-2019,KH-16330,Katharine,Harms,,Corporate,United States,"New York City,New York",10035,East,TEC-AC-10003433,Technology,Accessories,Katharine Harms,Maxell 4.7GB DVD+R 5/Pack,2.97,3,0,1.3365,45,MEDIUM PROFIT,2019,11,4,1371,No discount,4,low
CA-2019-119004,23-11-2019,JM-15250,Janet,Martin,,Consumer,United States,"Charlotte,North Carolina",28205,South,TEC-AC-10003499,Technology,Accessories,Janet Martin,Memorex Mini Travel Drive 8 GB USB 2.0 Flash Drive,74.112,8,0.2,17.6016,23.75,MEDIUM PROFIT,2019,11,4,1372,low discount,5,low
CA-2019-164028,24-11-2019,JL-15835,John,Lee,,Consumer,United States,"San Francisco,California",94122,West,TEC-AC-10001772,Technology,Accessories,John Lee,Memorex Mini Travel Drive 16 GB USB 2.0 Flash Drive,223.58,14,0,87.1962,39,MEDIUM PROFIT,2019,11,4,1373,No discount,6,medium
CA-2019-100097,26-11-2019,MN-17935,Michael,Nguyen,,Consumer,United States,"New York City,New York",10009,East,TEC-PH-10002310,Technology,Phones,Michael Nguyen,Plantronics Calisto P620-M USB Wireless Speakerphone System,979.95,5,0,264.5865,27,HIGH PROFIT,2019,11,4,1374,No discount,3,high
CA-2019-122700,26-11-2019,LT-17110,Liz,Thompson,,Consumer,United States,"Columbus,Ohio",43229,East,TEC-PH-10003092,Technology,Phones,Liz Thompson,Motorola L804,220.752,8,0.4,-40.4712,-18.33333333,LOSS,2019,11,4,1375,low discount,4,medium
CA-2019-101245,27-11-2019,LW-16990,Lindsay,Williams,,Corporate,United States,"San Francisco,California",94109,West,TEC-AC-10001284,Technology,Accessories,Lindsay Williams,Enermax Briskie RF Wireless Keyboard and Mouse Combo,166.16,8,0,59.8176,36,MEDIUM PROFIT,2019,11,4,1376,No discount,6,medium
CA-2019-123372,28-11-2019,DG-13300,Deirdre,Greer,,Corporate,United States,"New York City,New York",10035,East,TEC-PH-10002834,Technology,Phones,Deirdre Greer,Google Nexus 5,1979.89,11,0,494.9725,25,HIGH PROFIT,2019,11,4,1377,No discount,4,high
CA-2019-105333,30-11-2019,VP-21730,Victor,Preis,,Home Office,United States,"New York City,New York",10011,East,TEC-PH-10001468,Technology,Phones,Victor Preis,Panasonic Business Telephones KX-T7736,546.06,3,0,163.818,30,HIGH PROFIT,2019,11,4,1378,No discount,4,high
CA-2019-113355,01-12-2019,SJ-20215,Sarah,Jordon,,Consumer,United States,"Grand Prairie,Texas",75051,Central,TEC-PH-10004912,Technology,Phones,Sarah Jordon,Cisco SPA112 2 Port Phone Adapter,219.8,5,0.2,24.7275,11.25,MEDIUM PROFIT,2019,12,4,1379,low discount,4,medium
CA-2019-160885,02-12-2019,JK-16090,Juliana,Krohn,,Consumer,United States,"Omaha,Nebraska",68104,Central,TEC-PH-10001795,Technology,Phones,Juliana Krohn,ClearOne CHATAttach 160 - speaker phone,2479.96,4,0,743.988,30,HIGH PROFIT,2019,12,4,1380,No discount,4,high
US-2019-112347,02-12-2019,BS-11380,Bill,Stewart,,Corporate,United States,"Denver,Colorado",80219,West,TEC-PH-10004833,Technology,Phones,Bill Stewart,Macally Suction Cup Mount,57.36,6,0.2,-14.34,-25,LOSS,2019,12,4,1381,low discount,4,low
CA-2019-109183,04-12-2019,LR-16915,Lena,Radford,,Consumer,United States,"Nashville,Tennessee",37211,South,TEC-MA-10001856,Technology,Machines,Lena Radford,Okidata C610n Printer,649,2,0.5,-272.58,-42,LOSS,2019,12,4,1382,low discount,5,high
CA-2019-104066,05-12-2019,QJ-19255,Quincy,Jones,,Corporate,United States,"Burlington,Vermont",,East,TEC-AC-10001013,Technology,Accessories,Quincy Jones,Logitech ClearChat Comfort/USB Headset H390,205.03,7,0,67.6599,33,MEDIUM PROFIT,2019,12,4,1383,No discount,5,medium
CA-2019-156958,05-12-2019,PB-18805,Patrick,Bzostek,,Home Office,United States,"Seattle,Washington",98115,West,TEC-PH-10000148,Technology,Phones,Patrick Bzostek,Cyber Acoustics AC-202b Speech Recognition Stereo Headset,31.176,3,0.2,-7.0146,-22.5,LOSS,2019,12,4,1384,low discount,1,low
CA-2019-117457,08-12-2019,KH-16510,Keith,Herrera,,Consumer,United States,"San Francisco,California",94110,West,TEC-AC-10000158,Technology,Accessories,Keith Herrera,Sony 64GB Class 10 Micro SDHC R40 Memory Card,179.95,5,0,37.7895,21,MEDIUM PROFIT,2019,12,4,1385,No discount,4,medium
CA-2019-108329,09-12-2019,LE-16810,Laurel,Elliston,,Consumer,United States,"Whittier,California",90604,West,TEC-PH-10001918,Technology,Phones,Laurel Elliston,Nortel Business Series Terminal T7208 Digital phone,444.768,4,0.2,44.4768,10,MEDIUM PROFIT,2019,12,4,1386,low discount,5,medium
CA-2019-129581,11-12-2019,KN-16390,Katherine,Nockton,,Corporate,United States,"New Bedford,Massachusetts",2740,East,TEC-PH-10001527,Technology,Phones,Katherine Nockton,Plantronics MX500i Earset,128.85,3,0,3.8655,3,MEDIUM PROFIT,2019,12,4,1387,No discount,7,medium
CA-2019-154116,15-12-2019,KM-16660,Khloe,Miller,,Consumer,United States,"Inglewood,California",90301,West,TEC-PH-10000675,Technology,Phones,Khloe Miller,Panasonic KX TS3282B Corded phone,196.776,3,0.2,14.7582,7.5,MEDIUM PROFIT,2019,12,4,1388,low discount,4,medium
CA-2019-149699,22-12-2019,CM-12115,Chad,McGuire,,Consumer,United States,"Los Angeles,California",90008,West,TEC-AC-10000474,Technology,Accessories,Chad McGuire,Kensington Expert Mouse Optical USB Trackball for PC or Mac,474.95,5,0,142.485,30,HIGH PROFIT,2019,12,4,1389,No discount,2,medium
CA-2019-120376,22-12-2019,TP-21130,Theone,Pippenger,,Consumer,United States,"Detroit,Michigan",48227,Central,TEC-AC-10001114,Technology,Accessories,Theone Pippenger,Microsoft Wireless Mobile Mouse 4000,199.95,5,0,63.984,32,MEDIUM PROFIT,2019,12,4,1390,No discount,3,medium
CA-2019-143259,30-12-2019,PO-18865,Patrick,O'Donnell,,Consumer,United States,"New York City,New York",10009,East,TEC-PH-10004774,Technology,Phones,Patrick O'Donnell,Gear Head AU3700S Headset,90.93,7,0,2.7279,3,MEDIUM PROFIT,2019,12,4,1391,No discount,4,low
